"Confirmed fragments if intensity is above 1000 and number of scans is greater than or equal to 1","MSDIAL_LPE","[M-H]-","1","2","3","4","5","6","RT_min","RT_max","Comment","RT at Max Intensity","MSDIAL_LPE","[M-H]-","1","2","3","4","5","6","RT_min","RT_max","Comment","Number of Scans","MSDIAL_LPE","[M-H]-","1","2","3","4","5","6","RT_min","RT_max","Comment","Max Intensity","MSDIAL_LPE","[M-H]-","1","2","3","4","5","6","RT_min","RT_max","Comment","Average m/z","MSDIAL_LPE","[M-H]-","1","2","3","4","5","6","RT_min","RT_max","Comment","Theoretical, Library Parent Hits","MSDIAL_LPE","[M-H]-","1","2","3","4","5","6","RT_min","RT_max","Comment"
"","MSDIAL_LPE 16:0;[M-H]-;CCCCCCCCCCCCCCCC(=O)OCC(O)COP(O)(=O)OCCN;YVYMBNSKXOXSKW-UHFFFAOYNA-N;C21H44NO7P",1,1,0,1,1,1,0,"0.835119696969697","1.1351196969697","266","","MSDIAL_LPE 16:0;[M-H]-;CCCCCCCCCCCCCCCC(=O)OCC(O)COP(O)(=O)OCCN;YVYMBNSKXOXSKW-UHFFFAOYNA-N;C21H44NO7P",1.017124,1.017124,0,1.017124,1.017124,1.017124,0,"0.835119696969697","1.1351196969697","266","","MSDIAL_LPE 16:0;[M-H]-;CCCCCCCCCCCCCCCC(=O)OCC(O)COP(O)(=O)OCCN;YVYMBNSKXOXSKW-UHFFFAOYNA-N;C21H44NO7P",1,1,0,1,1,1,0,"0.835119696969697","1.1351196969697","266","","MSDIAL_LPE 16:0;[M-H]-;CCCCCCCCCCCCCCCC(=O)OCC(O)COP(O)(=O)OCCN;YVYMBNSKXOXSKW-UHFFFAOYNA-N;C21H44NO7P",57959.69,60736.91,0,57959.69,6345.057,6345.057,0,"0.835119696969697","1.1351196969697","266","","MSDIAL_LPE 16:0;[M-H]-;CCCCCCCCCCCCCCCC(=O)OCC(O)COP(O)(=O)OCCN;YVYMBNSKXOXSKW-UHFFFAOYNA-N;C21H44NO7P",452.2784,255.2329,0,452.2784,196.038,196.038,0,"0.835119696969697","1.1351196969697","266","","MSDIAL_LPE 16:0;[M-H]-;CCCCCCCCCCCCCCCC(=O)OCC(O)COP(O)(=O)OCCN;YVYMBNSKXOXSKW-UHFFFAOYNA-N;C21H44NO7P","452.27826","255.2323","78.95906","452.2783","196.0376","196.038","214.0482","0.835119696969697","1.1351196969697","266"
"","MSDIAL_LPE 17:0;[M-H]-;CCCCCCCCCCCCCCCCC(=O)OCC(O)COP(O)(=O)OCCN;RVNBVQKDPQVSOY-UHFFFAOYNA-N;C22H46NO7P",0,0,0,0,0,0,0,"1.05410666666667","1.35410666666667","3173","","MSDIAL_LPE 17:0;[M-H]-;CCCCCCCCCCCCCCCCC(=O)OCC(O)COP(O)(=O)OCCN;RVNBVQKDPQVSOY-UHFFFAOYNA-N;C22H46NO7P",0,0,0,0,0,0,0,"1.05410666666667","1.35410666666667","3173","","MSDIAL_LPE 17:0;[M-H]-;CCCCCCCCCCCCCCCCC(=O)OCC(O)COP(O)(=O)OCCN;RVNBVQKDPQVSOY-UHFFFAOYNA-N;C22H46NO7P",0,0,0,0,0,0,0,"1.05410666666667","1.35410666666667","3173","","MSDIAL_LPE 17:0;[M-H]-;CCCCCCCCCCCCCCCCC(=O)OCC(O)COP(O)(=O)OCCN;RVNBVQKDPQVSOY-UHFFFAOYNA-N;C22H46NO7P",0,0,0,0,0,0,0,"1.05410666666667","1.35410666666667","3173","","MSDIAL_LPE 17:0;[M-H]-;CCCCCCCCCCCCCCCCC(=O)OCC(O)COP(O)(=O)OCCN;RVNBVQKDPQVSOY-UHFFFAOYNA-N;C22H46NO7P",0,0,0,0,0,0,0,"1.05410666666667","1.35410666666667","3173","","MSDIAL_LPE 17:0;[M-H]-;CCCCCCCCCCCCCCCCC(=O)OCC(O)COP(O)(=O)OCCN;RVNBVQKDPQVSOY-UHFFFAOYNA-N;C22H46NO7P","466.29391","269.2479","78.95906","466.2939","196.0376","196.038","214.0482","1.05410666666667","1.35410666666667","3173"
"","MSDIAL_LPE 18:0;[M-H]-;CCCCCCCCCCCCCCCCCC(=O)OCC(O)COP(O)(=O)OCCN;BBYWOYAFBUOUFP-UHFFFAOYNA-N;C23H48NO7P",1,1,0,1,1,1,1,"1.31746212121212","1.61746212121212","197","","MSDIAL_LPE 18:0;[M-H]-;CCCCCCCCCCCCCCCCCC(=O)OCC(O)COP(O)(=O)OCCN;BBYWOYAFBUOUFP-UHFFFAOYNA-N;C23H48NO7P",1.459871,1.459871,0,1.459871,1.459871,1.459871,1.459871,"1.31746212121212","1.61746212121212","197","","MSDIAL_LPE 18:0;[M-H]-;CCCCCCCCCCCCCCCCCC(=O)OCC(O)COP(O)(=O)OCCN;BBYWOYAFBUOUFP-UHFFFAOYNA-N;C23H48NO7P",1,1,0,1,1,1,1,"1.31746212121212","1.61746212121212","197","","MSDIAL_LPE 18:0;[M-H]-;CCCCCCCCCCCCCCCCCC(=O)OCC(O)COP(O)(=O)OCCN;BBYWOYAFBUOUFP-UHFFFAOYNA-N;C23H48NO7P",293542.4,296328.1,0,293542.4,29713.21,29713.21,6929.865,"1.31746212121212","1.61746212121212","197","","MSDIAL_LPE 18:0;[M-H]-;CCCCCCCCCCCCCCCCCC(=O)OCC(O)COP(O)(=O)OCCN;BBYWOYAFBUOUFP-UHFFFAOYNA-N;C23H48NO7P",480.3097,283.2643,0,480.3097,196.0381,196.0381,214.0486,"1.31746212121212","1.61746212121212","197","","MSDIAL_LPE 18:0;[M-H]-;CCCCCCCCCCCCCCCCCC(=O)OCC(O)COP(O)(=O)OCCN;BBYWOYAFBUOUFP-UHFFFAOYNA-N;C23H48NO7P","480.30956","283.2635","78.95906","480.3096","196.0377","196.038","214.0482","1.31746212121212","1.61746212121212","197"
"","MSDIAL_LPE 18:0;[M-H]-;CCCCCCCCCCCCCCCCCC(=O)OCC(O)COP(O)(=O)OCCN;BBYWOYAFBUOUFP-UHFFFAOYNA-N;C23H48NO7P",1,0,0,1,0,0,0,"0.776827272727273","1.07682727272727","293","","MSDIAL_LPE 18:0;[M-H]-;CCCCCCCCCCCCCCCCCC(=O)OCC(O)COP(O)(=O)OCCN;BBYWOYAFBUOUFP-UHFFFAOYNA-N;C23H48NO7P",0.9584297,0,0,0.9584297,0,0,0,"0.776827272727273","1.07682727272727","293","","MSDIAL_LPE 18:0;[M-H]-;CCCCCCCCCCCCCCCCCC(=O)OCC(O)COP(O)(=O)OCCN;BBYWOYAFBUOUFP-UHFFFAOYNA-N;C23H48NO7P",1,0,0,1,0,0,0,"0.776827272727273","1.07682727272727","293","","MSDIAL_LPE 18:0;[M-H]-;CCCCCCCCCCCCCCCCCC(=O)OCC(O)COP(O)(=O)OCCN;BBYWOYAFBUOUFP-UHFFFAOYNA-N;C23H48NO7P",23256.5,0,0,23256.5,0,0,0,"0.776827272727273","1.07682727272727","293","","MSDIAL_LPE 18:0;[M-H]-;CCCCCCCCCCCCCCCCCC(=O)OCC(O)COP(O)(=O)OCCN;BBYWOYAFBUOUFP-UHFFFAOYNA-N;C23H48NO7P",480.3097,0,0,480.3097,0,0,0,"0.776827272727273","1.07682727272727","293","","MSDIAL_LPE 18:0;[M-H]-;CCCCCCCCCCCCCCCCCC(=O)OCC(O)COP(O)(=O)OCCN;BBYWOYAFBUOUFP-UHFFFAOYNA-N;C23H48NO7P","480.30956","283.2635","78.95906","480.3096","196.0377","196.038","214.0482","0.776827272727273","1.07682727272727","293"
"","MSDIAL_LPE 18:0;[M-H]-;CCCCCCCCCCCCCCCCCC(=O)OCC(O)COP(O)(=O)OCCN;BBYWOYAFBUOUFP-UHFFFAOYNA-N;C23H48NO7P",0,0,0,0,0,0,0,"1.50431666666667","1.80431666666667","3157","","MSDIAL_LPE 18:0;[M-H]-;CCCCCCCCCCCCCCCCCC(=O)OCC(O)COP(O)(=O)OCCN;BBYWOYAFBUOUFP-UHFFFAOYNA-N;C23H48NO7P",0,0,0,0,0,0,0,"1.50431666666667","1.80431666666667","3157","","MSDIAL_LPE 18:0;[M-H]-;CCCCCCCCCCCCCCCCCC(=O)OCC(O)COP(O)(=O)OCCN;BBYWOYAFBUOUFP-UHFFFAOYNA-N;C23H48NO7P",0,0,0,0,0,0,0,"1.50431666666667","1.80431666666667","3157","","MSDIAL_LPE 18:0;[M-H]-;CCCCCCCCCCCCCCCCCC(=O)OCC(O)COP(O)(=O)OCCN;BBYWOYAFBUOUFP-UHFFFAOYNA-N;C23H48NO7P",0,0,0,0,0,0,0,"1.50431666666667","1.80431666666667","3157","","MSDIAL_LPE 18:0;[M-H]-;CCCCCCCCCCCCCCCCCC(=O)OCC(O)COP(O)(=O)OCCN;BBYWOYAFBUOUFP-UHFFFAOYNA-N;C23H48NO7P",0,0,0,0,0,0,0,"1.50431666666667","1.80431666666667","3157","","MSDIAL_LPE 18:0;[M-H]-;CCCCCCCCCCCCCCCCCC(=O)OCC(O)COP(O)(=O)OCCN;BBYWOYAFBUOUFP-UHFFFAOYNA-N;C23H48NO7P","480.30956","283.2635","78.95906","480.3096","196.0377","196.038","214.0482","1.50431666666667","1.80431666666667","3157"
"","MSDIAL_LPE 18:1;[M-H]-;CCCCCCCC\C=C/CCCCCCCC(=O)OCC(O)COP(O)(=O)OCCN;PYVRVRFVLRNJLY-KTKRTIGZNA-N;C23H46NO7P",1,1,0,1,1,1,1,"0.9013696969697","1.2013696969697","224","","MSDIAL_LPE 18:1;[M-H]-;CCCCCCCC\C=C/CCCCCCCC(=O)OCC(O)COP(O)(=O)OCCN;PYVRVRFVLRNJLY-KTKRTIGZNA-N;C23H46NO7P",1.027487,1.027487,1.027487,1.027487,1.027487,1.027487,1.027487,"0.9013696969697","1.2013696969697","224","","MSDIAL_LPE 18:1;[M-H]-;CCCCCCCC\C=C/CCCCCCCC(=O)OCC(O)COP(O)(=O)OCCN;PYVRVRFVLRNJLY-KTKRTIGZNA-N;C23H46NO7P",1,1,1,1,1,1,1,"0.9013696969697","1.2013696969697","224","","MSDIAL_LPE 18:1;[M-H]-;CCCCCCCC\C=C/CCCCCCCC(=O)OCC(O)COP(O)(=O)OCCN;PYVRVRFVLRNJLY-KTKRTIGZNA-N;C23H46NO7P",160300.6,180873.3,547.4462,160300.6,18798.65,18798.65,4393.782,"0.9013696969697","1.2013696969697","224","","MSDIAL_LPE 18:1;[M-H]-;CCCCCCCC\C=C/CCCCCCCC(=O)OCC(O)COP(O)(=O)OCCN;PYVRVRFVLRNJLY-KTKRTIGZNA-N;C23H46NO7P",478.2941,281.2487,78.95911,478.2941,196.0381,196.0381,214.0487,"0.9013696969697","1.2013696969697","224","","MSDIAL_LPE 18:1;[M-H]-;CCCCCCCC\C=C/CCCCCCCC(=O)OCC(O)COP(O)(=O)OCCN;PYVRVRFVLRNJLY-KTKRTIGZNA-N;C23H46NO7P","478.29391","281.2479","78.95906","478.2939","196.0376","196.038","214.0482","0.9013696969697","1.2013696969697","224"
"","MSDIAL_LPE 18:2;[M-H]-;CCCCC\C=C/C\C=C/CCCCCCCC(=O)OCC(O)COP(O)(=O)OCCN;DBHKHNGBVGWQJE-HZJYTTRNNA-N;C23H44NO7P",1,1,0,1,1,1,1,"0.621769696969697","0.921769696969697","176","","MSDIAL_LPE 18:2;[M-H]-;CCCCC\C=C/C\C=C/CCCCCCCC(=O)OCC(O)COP(O)(=O)OCCN;DBHKHNGBVGWQJE-HZJYTTRNNA-N;C23H44NO7P",0.8153807,0.8153807,0,0.8153807,0.8153807,0.8153807,0.8153807,"0.621769696969697","0.921769696969697","176","","MSDIAL_LPE 18:2;[M-H]-;CCCCC\C=C/C\C=C/CCCCCCCC(=O)OCC(O)COP(O)(=O)OCCN;DBHKHNGBVGWQJE-HZJYTTRNNA-N;C23H44NO7P",1,1,0,1,1,1,1,"0.621769696969697","0.921769696969697","176","","MSDIAL_LPE 18:2;[M-H]-;CCCCC\C=C/C\C=C/CCCCCCCC(=O)OCC(O)COP(O)(=O)OCCN;DBHKHNGBVGWQJE-HZJYTTRNNA-N;C23H44NO7P",93566.54,113207.5,0,93566.54,8873.427,8873.427,3156.256,"0.621769696969697","0.921769696969697","176","","MSDIAL_LPE 18:2;[M-H]-;CCCCC\C=C/C\C=C/CCCCCCCC(=O)OCC(O)COP(O)(=O)OCCN;DBHKHNGBVGWQJE-HZJYTTRNNA-N;C23H44NO7P",476.2784,279.2329,0,476.2784,196.0381,196.0381,214.0485,"0.621769696969697","0.921769696969697","176","","MSDIAL_LPE 18:2;[M-H]-;CCCCC\C=C/C\C=C/CCCCCCCC(=O)OCC(O)COP(O)(=O)OCCN;DBHKHNGBVGWQJE-HZJYTTRNNA-N;C23H44NO7P","476.27826","279.2323","78.95906","476.2783","196.0376","196.038","214.0482","0.621769696969697","0.921769696969697","176"
"","MSDIAL_LPE 18:2;[M-H]-;CCCCC\C=C/C\C=C/CCCCCCCC(=O)OCC(O)COP(O)(=O)OCCN;DBHKHNGBVGWQJE-HZJYTTRNNA-N;C23H44NO7P",0,0,0,0,0,0,0,"0.820886111111111","1.12088611111111","2541","","MSDIAL_LPE 18:2;[M-H]-;CCCCC\C=C/C\C=C/CCCCCCCC(=O)OCC(O)COP(O)(=O)OCCN;DBHKHNGBVGWQJE-HZJYTTRNNA-N;C23H44NO7P",0,0,0,0,0,0,0,"0.820886111111111","1.12088611111111","2541","","MSDIAL_LPE 18:2;[M-H]-;CCCCC\C=C/C\C=C/CCCCCCCC(=O)OCC(O)COP(O)(=O)OCCN;DBHKHNGBVGWQJE-HZJYTTRNNA-N;C23H44NO7P",0,0,0,0,0,0,0,"0.820886111111111","1.12088611111111","2541","","MSDIAL_LPE 18:2;[M-H]-;CCCCC\C=C/C\C=C/CCCCCCCC(=O)OCC(O)COP(O)(=O)OCCN;DBHKHNGBVGWQJE-HZJYTTRNNA-N;C23H44NO7P",0,0,0,0,0,0,0,"0.820886111111111","1.12088611111111","2541","","MSDIAL_LPE 18:2;[M-H]-;CCCCC\C=C/C\C=C/CCCCCCCC(=O)OCC(O)COP(O)(=O)OCCN;DBHKHNGBVGWQJE-HZJYTTRNNA-N;C23H44NO7P",0,0,0,0,0,0,0,"0.820886111111111","1.12088611111111","2541","","MSDIAL_LPE 18:2;[M-H]-;CCCCC\C=C/C\C=C/CCCCCCCC(=O)OCC(O)COP(O)(=O)OCCN;DBHKHNGBVGWQJE-HZJYTTRNNA-N;C23H44NO7P","476.27826","279.2323","78.95906","476.2783","196.0376","196.038","214.0482","0.820886111111111","1.12088611111111","2541"
"","MSDIAL_LPE 18:3;[M-H]-;CC\C=C/C\C=C/C\C=C/CCCCCCCC(=O)OCC(O)COP(O)(=O)OCCN;NTBBASCGALPTDC-PDBXOOCHNA-N;C23H42NO7P",0,0,0,0,0,0,0,"0.46314","0.76314","3018","","MSDIAL_LPE 18:3;[M-H]-;CC\C=C/C\C=C/C\C=C/CCCCCCCC(=O)OCC(O)COP(O)(=O)OCCN;NTBBASCGALPTDC-PDBXOOCHNA-N;C23H42NO7P",0,0,0,0,0,0,0,"0.46314","0.76314","3018","","MSDIAL_LPE 18:3;[M-H]-;CC\C=C/C\C=C/C\C=C/CCCCCCCC(=O)OCC(O)COP(O)(=O)OCCN;NTBBASCGALPTDC-PDBXOOCHNA-N;C23H42NO7P",0,0,0,0,0,0,0,"0.46314","0.76314","3018","","MSDIAL_LPE 18:3;[M-H]-;CC\C=C/C\C=C/C\C=C/CCCCCCCC(=O)OCC(O)COP(O)(=O)OCCN;NTBBASCGALPTDC-PDBXOOCHNA-N;C23H42NO7P",0,0,0,0,0,0,0,"0.46314","0.76314","3018","","MSDIAL_LPE 18:3;[M-H]-;CC\C=C/C\C=C/C\C=C/CCCCCCCC(=O)OCC(O)COP(O)(=O)OCCN;NTBBASCGALPTDC-PDBXOOCHNA-N;C23H42NO7P",0,0,0,0,0,0,0,"0.46314","0.76314","3018","","MSDIAL_LPE 18:3;[M-H]-;CC\C=C/C\C=C/C\C=C/CCCCCCCC(=O)OCC(O)COP(O)(=O)OCCN;NTBBASCGALPTDC-PDBXOOCHNA-N;C23H42NO7P","474.26261","277.2166","78.95906","474.2626","196.0376","196.038","214.0482","0.46314","0.76314","3018"
"","MSDIAL_LPE 19:0;[M-H]-;CCCCCCCCCCCCCCCCCCC(=O)OCC(O)COP(O)(=O)OCCN;GEWUBFCXNZWHKH-UHFFFAOYNA-N;C24H50NO7P",0,0,0,0,0,0,0,"0.99963484848485","1.29963484848485","2060","","MSDIAL_LPE 19:0;[M-H]-;CCCCCCCCCCCCCCCCCCC(=O)OCC(O)COP(O)(=O)OCCN;GEWUBFCXNZWHKH-UHFFFAOYNA-N;C24H50NO7P",0,0,0,0,0,0,0,"0.99963484848485","1.29963484848485","2060","","MSDIAL_LPE 19:0;[M-H]-;CCCCCCCCCCCCCCCCCCC(=O)OCC(O)COP(O)(=O)OCCN;GEWUBFCXNZWHKH-UHFFFAOYNA-N;C24H50NO7P",0,0,0,0,0,0,0,"0.99963484848485","1.29963484848485","2060","","MSDIAL_LPE 19:0;[M-H]-;CCCCCCCCCCCCCCCCCCC(=O)OCC(O)COP(O)(=O)OCCN;GEWUBFCXNZWHKH-UHFFFAOYNA-N;C24H50NO7P",0,0,0,0,0,0,0,"0.99963484848485","1.29963484848485","2060","","MSDIAL_LPE 19:0;[M-H]-;CCCCCCCCCCCCCCCCCCC(=O)OCC(O)COP(O)(=O)OCCN;GEWUBFCXNZWHKH-UHFFFAOYNA-N;C24H50NO7P",0,0,0,0,0,0,0,"0.99963484848485","1.29963484848485","2060","","MSDIAL_LPE 19:0;[M-H]-;CCCCCCCCCCCCCCCCCCC(=O)OCC(O)COP(O)(=O)OCCN;GEWUBFCXNZWHKH-UHFFFAOYNA-N;C24H50NO7P","494.32521","297.2792","78.95906","494.3252","196.0377","196.038","214.0482","0.99963484848485","1.29963484848485","2060"
"","MSDIAL_LPE 20:0;[M-H]-;CCCCCCCCCCCCCCCCCCCC(=O)OCC(O)COP(O)(=O)OCCN;HEQMDGOBDIGJOC-UHFFFAOYNA-N;C25H52NO7P",1,0,0,1,0,0,0,"1.25095606060606","1.55095606060606","609","","MSDIAL_LPE 20:0;[M-H]-;CCCCCCCCCCCCCCCCCCCC(=O)OCC(O)COP(O)(=O)OCCN;HEQMDGOBDIGJOC-UHFFFAOYNA-N;C25H52NO7P",1.432903,0,0,1.432903,0,0,0,"1.25095606060606","1.55095606060606","609","","MSDIAL_LPE 20:0;[M-H]-;CCCCCCCCCCCCCCCCCCCC(=O)OCC(O)COP(O)(=O)OCCN;HEQMDGOBDIGJOC-UHFFFAOYNA-N;C25H52NO7P",1,0,0,1,0,0,0,"1.25095606060606","1.55095606060606","609","","MSDIAL_LPE 20:0;[M-H]-;CCCCCCCCCCCCCCCCCCCC(=O)OCC(O)COP(O)(=O)OCCN;HEQMDGOBDIGJOC-UHFFFAOYNA-N;C25H52NO7P",5948.285,0,0,5948.285,0,0,0,"1.25095606060606","1.55095606060606","609","","MSDIAL_LPE 20:0;[M-H]-;CCCCCCCCCCCCCCCCCCCC(=O)OCC(O)COP(O)(=O)OCCN;HEQMDGOBDIGJOC-UHFFFAOYNA-N;C25H52NO7P",508.341,0,0,508.341,0,0,0,"1.25095606060606","1.55095606060606","609","","MSDIAL_LPE 20:0;[M-H]-;CCCCCCCCCCCCCCCCCCCC(=O)OCC(O)COP(O)(=O)OCCN;HEQMDGOBDIGJOC-UHFFFAOYNA-N;C25H52NO7P","508.34086","311.2948","78.95906","508.3409","196.0377","196.038","214.0482","1.25095606060606","1.55095606060606","609"
"","MSDIAL_LPE 20:1;[M-H]-;CCCCCCCC\C=C/CCCCCCCCCC(=O)OCC(O)COP(O)(=O)OCCN;JEAGLCKGAKACCE-KTKRTIGZNA-N;C25H50NO7P",0,0,0,0,0,0,0,"0.849953333333334","1.14995333333333","1057","","MSDIAL_LPE 20:1;[M-H]-;CCCCCCCC\C=C/CCCCCCCCCC(=O)OCC(O)COP(O)(=O)OCCN;JEAGLCKGAKACCE-KTKRTIGZNA-N;C25H50NO7P",0,0,0,0,0,0,0,"0.849953333333334","1.14995333333333","1057","","MSDIAL_LPE 20:1;[M-H]-;CCCCCCCC\C=C/CCCCCCCCCC(=O)OCC(O)COP(O)(=O)OCCN;JEAGLCKGAKACCE-KTKRTIGZNA-N;C25H50NO7P",0,0,0,0,0,0,0,"0.849953333333334","1.14995333333333","1057","","MSDIAL_LPE 20:1;[M-H]-;CCCCCCCC\C=C/CCCCCCCCCC(=O)OCC(O)COP(O)(=O)OCCN;JEAGLCKGAKACCE-KTKRTIGZNA-N;C25H50NO7P",0,0,0,0,0,0,0,"0.849953333333334","1.14995333333333","1057","","MSDIAL_LPE 20:1;[M-H]-;CCCCCCCC\C=C/CCCCCCCCCC(=O)OCC(O)COP(O)(=O)OCCN;JEAGLCKGAKACCE-KTKRTIGZNA-N;C25H50NO7P",0,0,0,0,0,0,0,"0.849953333333334","1.14995333333333","1057","","MSDIAL_LPE 20:1;[M-H]-;CCCCCCCC\C=C/CCCCCCCCCC(=O)OCC(O)COP(O)(=O)OCCN;JEAGLCKGAKACCE-KTKRTIGZNA-N;C25H50NO7P","506.32521","309.2792","78.95906","506.3252","196.0377","196.038","214.0482","0.849953333333334","1.14995333333333","1057"
"","MSDIAL_LPE 20:2;[M-H]-;CCCCC\C=C/C\C=C/CCCCCCCCCC(=O)OCC(O)COP(O)(=O)OCCN;QJHRNPQXCMXOOH-HZJYTTRNNA-N;C25H48NO7P",0,0,0,0,0,0,0,"0.590513636363636","0.890513636363636","758","","MSDIAL_LPE 20:2;[M-H]-;CCCCC\C=C/C\C=C/CCCCCCCCCC(=O)OCC(O)COP(O)(=O)OCCN;QJHRNPQXCMXOOH-HZJYTTRNNA-N;C25H48NO7P",0,0,0,0,0,0,0,"0.590513636363636","0.890513636363636","758","","MSDIAL_LPE 20:2;[M-H]-;CCCCC\C=C/C\C=C/CCCCCCCCCC(=O)OCC(O)COP(O)(=O)OCCN;QJHRNPQXCMXOOH-HZJYTTRNNA-N;C25H48NO7P",0,0,0,0,0,0,0,"0.590513636363636","0.890513636363636","758","","MSDIAL_LPE 20:2;[M-H]-;CCCCC\C=C/C\C=C/CCCCCCCCCC(=O)OCC(O)COP(O)(=O)OCCN;QJHRNPQXCMXOOH-HZJYTTRNNA-N;C25H48NO7P",0,0,0,0,0,0,0,"0.590513636363636","0.890513636363636","758","","MSDIAL_LPE 20:2;[M-H]-;CCCCC\C=C/C\C=C/CCCCCCCCCC(=O)OCC(O)COP(O)(=O)OCCN;QJHRNPQXCMXOOH-HZJYTTRNNA-N;C25H48NO7P",0,0,0,0,0,0,0,"0.590513636363636","0.890513636363636","758","","MSDIAL_LPE 20:2;[M-H]-;CCCCC\C=C/C\C=C/CCCCCCCCCC(=O)OCC(O)COP(O)(=O)OCCN;QJHRNPQXCMXOOH-HZJYTTRNNA-N;C25H48NO7P","504.30956","307.2635","78.95906","504.3096","196.0377","196.038","214.0482","0.590513636363636","0.890513636363636","758"
"","MSDIAL_LPE 20:3;[M-H]-;CC\C=C/C\C=C/C\C=C/CCCCCCCCCC(=O)OCC(O)COP(O)(=O)OCCN;UEONHLLDVDPRRN-PDBXOOCHNA-N;C25H46NO7P",0,0,0,0,0,0,0,"0.732066666666667","1.03206666666667","1081","","MSDIAL_LPE 20:3;[M-H]-;CC\C=C/C\C=C/C\C=C/CCCCCCCCCC(=O)OCC(O)COP(O)(=O)OCCN;UEONHLLDVDPRRN-PDBXOOCHNA-N;C25H46NO7P",0,0,0,0,0,0,0,"0.732066666666667","1.03206666666667","1081","","MSDIAL_LPE 20:3;[M-H]-;CC\C=C/C\C=C/C\C=C/CCCCCCCCCC(=O)OCC(O)COP(O)(=O)OCCN;UEONHLLDVDPRRN-PDBXOOCHNA-N;C25H46NO7P",0,0,0,0,0,0,0,"0.732066666666667","1.03206666666667","1081","","MSDIAL_LPE 20:3;[M-H]-;CC\C=C/C\C=C/C\C=C/CCCCCCCCCC(=O)OCC(O)COP(O)(=O)OCCN;UEONHLLDVDPRRN-PDBXOOCHNA-N;C25H46NO7P",0,0,0,0,0,0,0,"0.732066666666667","1.03206666666667","1081","","MSDIAL_LPE 20:3;[M-H]-;CC\C=C/C\C=C/C\C=C/CCCCCCCCCC(=O)OCC(O)COP(O)(=O)OCCN;UEONHLLDVDPRRN-PDBXOOCHNA-N;C25H46NO7P",0,0,0,0,0,0,0,"0.732066666666667","1.03206666666667","1081","","MSDIAL_LPE 20:3;[M-H]-;CC\C=C/C\C=C/C\C=C/CCCCCCCCCC(=O)OCC(O)COP(O)(=O)OCCN;UEONHLLDVDPRRN-PDBXOOCHNA-N;C25H46NO7P","502.29391","305.2479","78.95906","502.2939","196.0376","196.038","214.0482","0.732066666666667","1.03206666666667","1081"
"","MSDIAL_LPE 20:4;[M-H]-;CC\C=C/C\C=C/C\C=C/C\C=C/CCCCCCC(=O)OCC(O)COP(O)(=O)OCCN;JPNPIRVRGLGTRE-LTKCOYKYNA-N;C25H44NO7P",1,1,0,1,1,1,0,"0.587610606060606","0.887610606060606","243","","MSDIAL_LPE 20:4;[M-H]-;CC\C=C/C\C=C/C\C=C/C\C=C/CCCCCCC(=O)OCC(O)COP(O)(=O)OCCN;JPNPIRVRGLGTRE-LTKCOYKYNA-N;C25H44NO7P",0.7884383,0.7884383,0,0.7884383,0.7884383,0.7884383,0.7884383,"0.587610606060606","0.887610606060606","243","","MSDIAL_LPE 20:4;[M-H]-;CC\C=C/C\C=C/C\C=C/C\C=C/CCCCCCC(=O)OCC(O)COP(O)(=O)OCCN;JPNPIRVRGLGTRE-LTKCOYKYNA-N;C25H44NO7P",1,1,0,1,1,1,1,"0.587610606060606","0.887610606060606","243","","MSDIAL_LPE 20:4;[M-H]-;CC\C=C/C\C=C/C\C=C/C\C=C/CCCCCCC(=O)OCC(O)COP(O)(=O)OCCN;JPNPIRVRGLGTRE-LTKCOYKYNA-N;C25H44NO7P",22793.26,32961.93,0,22793.26,4173.734,4173.734,685.0551,"0.587610606060606","0.887610606060606","243","","MSDIAL_LPE 20:4;[M-H]-;CC\C=C/C\C=C/C\C=C/C\C=C/CCCCCCC(=O)OCC(O)COP(O)(=O)OCCN;JPNPIRVRGLGTRE-LTKCOYKYNA-N;C25H44NO7P",500.2787,303.233,0,500.2787,196.0381,196.0381,214.0486,"0.587610606060606","0.887610606060606","243","","MSDIAL_LPE 20:4;[M-H]-;CC\C=C/C\C=C/C\C=C/C\C=C/CCCCCCC(=O)OCC(O)COP(O)(=O)OCCN;JPNPIRVRGLGTRE-LTKCOYKYNA-N;C25H44NO7P","500.27826","303.2323","78.95906","500.2783","196.0376","196.038","214.0482","0.587610606060606","0.887610606060606","243"
"","MSDIAL_LPE 20:5;[M-H]-;CC\C=C/C\C=C/C\C=C/C\C=C/C\C=C/CCCC(=O)OCC(O)COP(O)(=O)OCCN;KCWGBXXAJHVZNN-JLNKQSITNA-N;C25H42NO7P",0,0,0,0,0,0,0,"0.43695","0.73695","3970","","MSDIAL_LPE 20:5;[M-H]-;CC\C=C/C\C=C/C\C=C/C\C=C/C\C=C/CCCC(=O)OCC(O)COP(O)(=O)OCCN;KCWGBXXAJHVZNN-JLNKQSITNA-N;C25H42NO7P",0,0,0,0,0,0,0,"0.43695","0.73695","3970","","MSDIAL_LPE 20:5;[M-H]-;CC\C=C/C\C=C/C\C=C/C\C=C/C\C=C/CCCC(=O)OCC(O)COP(O)(=O)OCCN;KCWGBXXAJHVZNN-JLNKQSITNA-N;C25H42NO7P",0,0,0,0,0,0,0,"0.43695","0.73695","3970","","MSDIAL_LPE 20:5;[M-H]-;CC\C=C/C\C=C/C\C=C/C\C=C/C\C=C/CCCC(=O)OCC(O)COP(O)(=O)OCCN;KCWGBXXAJHVZNN-JLNKQSITNA-N;C25H42NO7P",0,0,0,0,0,0,0,"0.43695","0.73695","3970","","MSDIAL_LPE 20:5;[M-H]-;CC\C=C/C\C=C/C\C=C/C\C=C/C\C=C/CCCC(=O)OCC(O)COP(O)(=O)OCCN;KCWGBXXAJHVZNN-JLNKQSITNA-N;C25H42NO7P",0,0,0,0,0,0,0,"0.43695","0.73695","3970","","MSDIAL_LPE 20:5;[M-H]-;CC\C=C/C\C=C/C\C=C/C\C=C/C\C=C/CCCC(=O)OCC(O)COP(O)(=O)OCCN;KCWGBXXAJHVZNN-JLNKQSITNA-N;C25H42NO7P","498.26261","301.2166","78.95906","498.2626","196.0376","196.038","214.0482","0.43695","0.73695","3970"
"","MSDIAL_LPE 21:0;[M-H]-;CCCCCCCCCCCCCCCCCCCCC(=O)OCC(O)COP(O)(=O)OCCN;JPTRRYQAYCFMLQ-UHFFFAOYNA-N;C26H54NO7P",0,0,0,0,0,0,0,"1.521045","1.821045","2893","","MSDIAL_LPE 21:0;[M-H]-;CCCCCCCCCCCCCCCCCCCCC(=O)OCC(O)COP(O)(=O)OCCN;JPTRRYQAYCFMLQ-UHFFFAOYNA-N;C26H54NO7P",0,0,0,0,0,0,0,"1.521045","1.821045","2893","","MSDIAL_LPE 21:0;[M-H]-;CCCCCCCCCCCCCCCCCCCCC(=O)OCC(O)COP(O)(=O)OCCN;JPTRRYQAYCFMLQ-UHFFFAOYNA-N;C26H54NO7P",0,0,0,0,0,0,0,"1.521045","1.821045","2893","","MSDIAL_LPE 21:0;[M-H]-;CCCCCCCCCCCCCCCCCCCCC(=O)OCC(O)COP(O)(=O)OCCN;JPTRRYQAYCFMLQ-UHFFFAOYNA-N;C26H54NO7P",0,0,0,0,0,0,0,"1.521045","1.821045","2893","","MSDIAL_LPE 21:0;[M-H]-;CCCCCCCCCCCCCCCCCCCCC(=O)OCC(O)COP(O)(=O)OCCN;JPTRRYQAYCFMLQ-UHFFFAOYNA-N;C26H54NO7P",0,0,0,0,0,0,0,"1.521045","1.821045","2893","","MSDIAL_LPE 21:0;[M-H]-;CCCCCCCCCCCCCCCCCCCCC(=O)OCC(O)COP(O)(=O)OCCN;JPTRRYQAYCFMLQ-UHFFFAOYNA-N;C26H54NO7P","522.35651","325.3105","78.95906","522.3565","196.0377","196.038","214.0482","1.521045","1.821045","2893"
"","MSDIAL_LPE 22:5;[M-H]-;CC\C=C/C\C=C/C\C=C/C\C=C/C\C=C/CCCCCC(=O)OCC(O)COP(O)(=O)OCCN;OSRWIBSZJTWIKA-JLNKQSITNA-N;C27H46NO7P",0,0,0,0,0,0,0,"0.652563636363636","0.952563636363636","2312","","MSDIAL_LPE 22:5;[M-H]-;CC\C=C/C\C=C/C\C=C/C\C=C/C\C=C/CCCCCC(=O)OCC(O)COP(O)(=O)OCCN;OSRWIBSZJTWIKA-JLNKQSITNA-N;C27H46NO7P",0,0,0,0,0,0,0,"0.652563636363636","0.952563636363636","2312","","MSDIAL_LPE 22:5;[M-H]-;CC\C=C/C\C=C/C\C=C/C\C=C/C\C=C/CCCCCC(=O)OCC(O)COP(O)(=O)OCCN;OSRWIBSZJTWIKA-JLNKQSITNA-N;C27H46NO7P",0,0,0,0,0,0,0,"0.652563636363636","0.952563636363636","2312","","MSDIAL_LPE 22:5;[M-H]-;CC\C=C/C\C=C/C\C=C/C\C=C/C\C=C/CCCCCC(=O)OCC(O)COP(O)(=O)OCCN;OSRWIBSZJTWIKA-JLNKQSITNA-N;C27H46NO7P",0,0,0,0,0,0,0,"0.652563636363636","0.952563636363636","2312","","MSDIAL_LPE 22:5;[M-H]-;CC\C=C/C\C=C/C\C=C/C\C=C/C\C=C/CCCCCC(=O)OCC(O)COP(O)(=O)OCCN;OSRWIBSZJTWIKA-JLNKQSITNA-N;C27H46NO7P",0,0,0,0,0,0,0,"0.652563636363636","0.952563636363636","2312","","MSDIAL_LPE 22:5;[M-H]-;CC\C=C/C\C=C/C\C=C/C\C=C/C\C=C/CCCCCC(=O)OCC(O)COP(O)(=O)OCCN;OSRWIBSZJTWIKA-JLNKQSITNA-N;C27H46NO7P","526.29391","329.2479","78.95906","526.2939","196.0376","196.038","214.0482","0.652563636363636","0.952563636363636","2312"
"","MSDIAL_LPE 22:6;[M-H]-;CC\C=C/C\C=C/C\C=C/C\C=C/C\C=C/C\C=C/CCC(=O)OCC(O)COP(O)(=O)OCCN;XEVRBOQZSXWGQO-KUBAVDMBNA-N;C27H44NO7P",1,1,0,1,1,1,0,"0.532362121212121","0.832362121212121","393","","MSDIAL_LPE 22:6;[M-H]-;CC\C=C/C\C=C/C\C=C/C\C=C/C\C=C/C\C=C/CCC(=O)OCC(O)COP(O)(=O)OCCN;XEVRBOQZSXWGQO-KUBAVDMBNA-N;C27H44NO7P",0.7369198,0.7369198,0,0.7369198,0.7369198,0.7369198,0.7369198,"0.532362121212121","0.832362121212121","393","","MSDIAL_LPE 22:6;[M-H]-;CC\C=C/C\C=C/C\C=C/C\C=C/C\C=C/C\C=C/CCC(=O)OCC(O)COP(O)(=O)OCCN;XEVRBOQZSXWGQO-KUBAVDMBNA-N;C27H44NO7P",1,1,0,1,1,1,1,"0.532362121212121","0.832362121212121","393","","MSDIAL_LPE 22:6;[M-H]-;CC\C=C/C\C=C/C\C=C/C\C=C/C\C=C/C\C=C/CCC(=O)OCC(O)COP(O)(=O)OCCN;XEVRBOQZSXWGQO-KUBAVDMBNA-N;C27H44NO7P",10536.58,8324.203,0,10536.58,2050.338,2050.338,518.619,"0.532362121212121","0.832362121212121","393","","MSDIAL_LPE 22:6;[M-H]-;CC\C=C/C\C=C/C\C=C/C\C=C/C\C=C/C\C=C/CCC(=O)OCC(O)COP(O)(=O)OCCN;XEVRBOQZSXWGQO-KUBAVDMBNA-N;C27H44NO7P",524.2783,327.2331,0,524.2783,196.038,196.038,214.0487,"0.532362121212121","0.832362121212121","393","","MSDIAL_LPE 22:6;[M-H]-;CC\C=C/C\C=C/C\C=C/C\C=C/C\C=C/C\C=C/CCC(=O)OCC(O)COP(O)(=O)OCCN;XEVRBOQZSXWGQO-KUBAVDMBNA-N;C27H44NO7P","524.27826","327.2323","78.95906","524.2783","196.0376","196.038","214.0482","0.532362121212121","0.832362121212121","393"
"","MSDIAL_LPE 36:2;[M-H]-;CCCCCCC\C=C/C\C=C/CCCCCCCCCCCCCCCCCCCCCCCC(=O)OCC(O)COP(O)(=O)OCCN;OLGKEXBJISGIGR-MURFETPANA-N;C41H80NO7P",0,0,0,0,0,0,0,"9.03562575757576","9.33562575757576","1043","","MSDIAL_LPE 36:2;[M-H]-;CCCCCCC\C=C/C\C=C/CCCCCCCCCCCCCCCCCCCCCCCC(=O)OCC(O)COP(O)(=O)OCCN;OLGKEXBJISGIGR-MURFETPANA-N;C41H80NO7P",0,0,0,0,0,0,0,"9.03562575757576","9.33562575757576","1043","","MSDIAL_LPE 36:2;[M-H]-;CCCCCCC\C=C/C\C=C/CCCCCCCCCCCCCCCCCCCCCCCC(=O)OCC(O)COP(O)(=O)OCCN;OLGKEXBJISGIGR-MURFETPANA-N;C41H80NO7P",0,0,0,0,0,0,0,"9.03562575757576","9.33562575757576","1043","","MSDIAL_LPE 36:2;[M-H]-;CCCCCCC\C=C/C\C=C/CCCCCCCCCCCCCCCCCCCCCCCC(=O)OCC(O)COP(O)(=O)OCCN;OLGKEXBJISGIGR-MURFETPANA-N;C41H80NO7P",0,0,0,0,0,0,0,"9.03562575757576","9.33562575757576","1043","","MSDIAL_LPE 36:2;[M-H]-;CCCCCCC\C=C/C\C=C/CCCCCCCCCCCCCCCCCCCCCCCC(=O)OCC(O)COP(O)(=O)OCCN;OLGKEXBJISGIGR-MURFETPANA-N;C41H80NO7P",0,0,0,0,0,0,0,"9.03562575757576","9.33562575757576","1043","","MSDIAL_LPE 36:2;[M-H]-;CCCCCCC\C=C/C\C=C/CCCCCCCCCCCCCCCCCCCCCCCC(=O)OCC(O)COP(O)(=O)OCCN;OLGKEXBJISGIGR-MURFETPANA-N;C41H80NO7P","728.55996","531.5138","78.95906","728.5599","196.0378","196.038","214.0484","9.03562575757576","9.33562575757576","1043"
"","MSDIAL_LPE 36:3;[M-H]-;CCCCCCC\C=C/C\C=C/C\C=C/CCCCCCCCCCCCCCCCCCCCC(=O)OCC(O)COP(O)(=O)OCCN;IQZCXXWCXWGHDA-ORZIMQNZNA-N;C41H78NO7P",0,0,0,0,0,0,0,"8.1809303030303","8.4809303030303","809","","MSDIAL_LPE 36:3;[M-H]-;CCCCCCC\C=C/C\C=C/C\C=C/CCCCCCCCCCCCCCCCCCCCC(=O)OCC(O)COP(O)(=O)OCCN;IQZCXXWCXWGHDA-ORZIMQNZNA-N;C41H78NO7P",0,0,0,0,0,0,0,"8.1809303030303","8.4809303030303","809","","MSDIAL_LPE 36:3;[M-H]-;CCCCCCC\C=C/C\C=C/C\C=C/CCCCCCCCCCCCCCCCCCCCC(=O)OCC(O)COP(O)(=O)OCCN;IQZCXXWCXWGHDA-ORZIMQNZNA-N;C41H78NO7P",0,0,0,0,0,0,0,"8.1809303030303","8.4809303030303","809","","MSDIAL_LPE 36:3;[M-H]-;CCCCCCC\C=C/C\C=C/C\C=C/CCCCCCCCCCCCCCCCCCCCC(=O)OCC(O)COP(O)(=O)OCCN;IQZCXXWCXWGHDA-ORZIMQNZNA-N;C41H78NO7P",0,0,0,0,0,0,0,"8.1809303030303","8.4809303030303","809","","MSDIAL_LPE 36:3;[M-H]-;CCCCCCC\C=C/C\C=C/C\C=C/CCCCCCCCCCCCCCCCCCCCC(=O)OCC(O)COP(O)(=O)OCCN;IQZCXXWCXWGHDA-ORZIMQNZNA-N;C41H78NO7P",0,0,0,0,0,0,0,"8.1809303030303","8.4809303030303","809","","MSDIAL_LPE 36:3;[M-H]-;CCCCCCC\C=C/C\C=C/C\C=C/CCCCCCCCCCCCCCCCCCCCC(=O)OCC(O)COP(O)(=O)OCCN;IQZCXXWCXWGHDA-ORZIMQNZNA-N;C41H78NO7P","726.54431","529.4982","78.95906","726.5443","196.0378","196.038","214.0484","8.1809303030303","8.4809303030303","809"
"","MSDIAL_LPE 36:5;[M-H]-;CC\C=C/C\C=C/C\C=C/C\C=C/C\C=C/CCCCCCCCCCCCCCCCCCCC(=O)OCC(O)COP(O)(=O)OCCN;ARDYBKSLNLWNLW-JLNKQSITNA-N;C41H74NO7P",1,0,0,1,0,0,0,"6.82514545454545","7.12514545454545","733","","MSDIAL_LPE 36:5;[M-H]-;CC\C=C/C\C=C/C\C=C/C\C=C/C\C=C/CCCCCCCCCCCCCCCCCCCC(=O)OCC(O)COP(O)(=O)OCCN;ARDYBKSLNLWNLW-JLNKQSITNA-N;C41H74NO7P",7.006121,0,7.006121,7.006121,0,0,0,"6.82514545454545","7.12514545454545","733","","MSDIAL_LPE 36:5;[M-H]-;CC\C=C/C\C=C/C\C=C/C\C=C/C\C=C/CCCCCCCCCCCCCCCCCCCC(=O)OCC(O)COP(O)(=O)OCCN;ARDYBKSLNLWNLW-JLNKQSITNA-N;C41H74NO7P",1,0,1,1,0,0,0,"6.82514545454545","7.12514545454545","733","","MSDIAL_LPE 36:5;[M-H]-;CC\C=C/C\C=C/C\C=C/C\C=C/C\C=C/CCCCCCCCCCCCCCCCCCCC(=O)OCC(O)COP(O)(=O)OCCN;ARDYBKSLNLWNLW-JLNKQSITNA-N;C41H74NO7P",48064.52,0,430.2132,48064.52,0,0,0,"6.82514545454545","7.12514545454545","733","","MSDIAL_LPE 36:5;[M-H]-;CC\C=C/C\C=C/C\C=C/C\C=C/C\C=C/CCCCCCCCCCCCCCCCCCCC(=O)OCC(O)COP(O)(=O)OCCN;ARDYBKSLNLWNLW-JLNKQSITNA-N;C41H74NO7P",722.5139,0,78.95901,722.5139,0,0,0,"6.82514545454545","7.12514545454545","733","","MSDIAL_LPE 36:5;[M-H]-;CC\C=C/C\C=C/C\C=C/C\C=C/C\C=C/CCCCCCCCCCCCCCCCCCCC(=O)OCC(O)COP(O)(=O)OCCN;ARDYBKSLNLWNLW-JLNKQSITNA-N;C41H74NO7P","722.51301","525.4669","78.95906","722.5130","196.0378","196.038","214.0484","6.82514545454545","7.12514545454545","733"
"","MSDIAL_LPE 36:6;[M-H]-;CC\C=C/C\C=C/C\C=C/C\C=C/C\C=C/C\C=C/CCCCCCCCCCCCCCCCC(=O)OCC(O)COP(O)(=O)OCCN;CSADGIBUZGCMQF-KUBAVDMBNA-N;C41H72NO7P",0,0,0,0,0,0,0,"6.0012803030303","6.3012803030303","2962","","MSDIAL_LPE 36:6;[M-H]-;CC\C=C/C\C=C/C\C=C/C\C=C/C\C=C/C\C=C/CCCCCCCCCCCCCCCCC(=O)OCC(O)COP(O)(=O)OCCN;CSADGIBUZGCMQF-KUBAVDMBNA-N;C41H72NO7P",0,0,0,0,0,0,0,"6.0012803030303","6.3012803030303","2962","","MSDIAL_LPE 36:6;[M-H]-;CC\C=C/C\C=C/C\C=C/C\C=C/C\C=C/C\C=C/CCCCCCCCCCCCCCCCC(=O)OCC(O)COP(O)(=O)OCCN;CSADGIBUZGCMQF-KUBAVDMBNA-N;C41H72NO7P",0,0,0,0,0,0,0,"6.0012803030303","6.3012803030303","2962","","MSDIAL_LPE 36:6;[M-H]-;CC\C=C/C\C=C/C\C=C/C\C=C/C\C=C/C\C=C/CCCCCCCCCCCCCCCCC(=O)OCC(O)COP(O)(=O)OCCN;CSADGIBUZGCMQF-KUBAVDMBNA-N;C41H72NO7P",0,0,0,0,0,0,0,"6.0012803030303","6.3012803030303","2962","","MSDIAL_LPE 36:6;[M-H]-;CC\C=C/C\C=C/C\C=C/C\C=C/C\C=C/C\C=C/CCCCCCCCCCCCCCCCC(=O)OCC(O)COP(O)(=O)OCCN;CSADGIBUZGCMQF-KUBAVDMBNA-N;C41H72NO7P",0,0,0,0,0,0,0,"6.0012803030303","6.3012803030303","2962","","MSDIAL_LPE 36:6;[M-H]-;CC\C=C/C\C=C/C\C=C/C\C=C/C\C=C/C\C=C/CCCCCCCCCCCCCCCCC(=O)OCC(O)COP(O)(=O)OCCN;CSADGIBUZGCMQF-KUBAVDMBNA-N;C41H72NO7P","720.49736","523.4512","78.95906","720.4974","196.0378","196.038","214.0483","6.0012803030303","6.3012803030303","2962"
"","MSDIAL_LPE 38:5;[M-H]-;CC\C=C/C\C=C/C\C=C/C\C=C/C\C=C/CCCCCCCCCCCCCCCCCCCCCC(=O)OCC(O)COP(O)(=O)OCCN;QBPKJYOTOLDHEJ-JLNKQSITNA-N;C43H78NO7P",1,0,0,1,0,0,0,"7.9998696969697","8.2998696969697","524","","MSDIAL_LPE 38:5;[M-H]-;CC\C=C/C\C=C/C\C=C/C\C=C/C\C=C/CCCCCCCCCCCCCCCCCCCCCC(=O)OCC(O)COP(O)(=O)OCCN;QBPKJYOTOLDHEJ-JLNKQSITNA-N;C43H78NO7P",8.129968,0,0,8.129968,8.129968,8.129968,0,"7.9998696969697","8.2998696969697","524","","MSDIAL_LPE 38:5;[M-H]-;CC\C=C/C\C=C/C\C=C/C\C=C/C\C=C/CCCCCCCCCCCCCCCCCCCCCC(=O)OCC(O)COP(O)(=O)OCCN;QBPKJYOTOLDHEJ-JLNKQSITNA-N;C43H78NO7P",1,0,0,1,1,1,0,"7.9998696969697","8.2998696969697","524","","MSDIAL_LPE 38:5;[M-H]-;CC\C=C/C\C=C/C\C=C/C\C=C/C\C=C/CCCCCCCCCCCCCCCCCCCCCC(=O)OCC(O)COP(O)(=O)OCCN;QBPKJYOTOLDHEJ-JLNKQSITNA-N;C43H78NO7P",120687.7,0,0,120687.7,802.1893,802.1893,0,"7.9998696969697","8.2998696969697","524","","MSDIAL_LPE 38:5;[M-H]-;CC\C=C/C\C=C/C\C=C/C\C=C/C\C=C/CCCCCCCCCCCCCCCCCCCCCC(=O)OCC(O)COP(O)(=O)OCCN;QBPKJYOTOLDHEJ-JLNKQSITNA-N;C43H78NO7P",750.5452,0,0,750.5452,196.0379,196.0379,0,"7.9998696969697","8.2998696969697","524","","MSDIAL_LPE 38:5;[M-H]-;CC\C=C/C\C=C/C\C=C/C\C=C/C\C=C/CCCCCCCCCCCCCCCCCCCCCC(=O)OCC(O)COP(O)(=O)OCCN;QBPKJYOTOLDHEJ-JLNKQSITNA-N;C43H78NO7P","750.54431","553.4982","78.95906","750.5443","196.0378","196.038","214.0484","7.9998696969697","8.2998696969697","524"
"","MSDIAL_LPE 38:6;[M-H]-;CC\C=C/C\C=C/C\C=C/C\C=C/C\C=C/C\C=C/CCCCCCCCCCCCCCCCCCC(=O)OCC(O)COP(O)(=O)OCCN;CJBYBCWNKSHREJ-KUBAVDMBNA-N;C43H76NO7P",0,0,0,0,0,0,0,"6.87461666666667","7.17461666666667","1462","","MSDIAL_LPE 38:6;[M-H]-;CC\C=C/C\C=C/C\C=C/C\C=C/C\C=C/C\C=C/CCCCCCCCCCCCCCCCCCC(=O)OCC(O)COP(O)(=O)OCCN;CJBYBCWNKSHREJ-KUBAVDMBNA-N;C43H76NO7P",0,0,0,0,0,0,0,"6.87461666666667","7.17461666666667","1462","","MSDIAL_LPE 38:6;[M-H]-;CC\C=C/C\C=C/C\C=C/C\C=C/C\C=C/C\C=C/CCCCCCCCCCCCCCCCCCC(=O)OCC(O)COP(O)(=O)OCCN;CJBYBCWNKSHREJ-KUBAVDMBNA-N;C43H76NO7P",0,0,0,0,0,0,0,"6.87461666666667","7.17461666666667","1462","","MSDIAL_LPE 38:6;[M-H]-;CC\C=C/C\C=C/C\C=C/C\C=C/C\C=C/C\C=C/CCCCCCCCCCCCCCCCCCC(=O)OCC(O)COP(O)(=O)OCCN;CJBYBCWNKSHREJ-KUBAVDMBNA-N;C43H76NO7P",0,0,0,0,0,0,0,"6.87461666666667","7.17461666666667","1462","","MSDIAL_LPE 38:6;[M-H]-;CC\C=C/C\C=C/C\C=C/C\C=C/C\C=C/C\C=C/CCCCCCCCCCCCCCCCCCC(=O)OCC(O)COP(O)(=O)OCCN;CJBYBCWNKSHREJ-KUBAVDMBNA-N;C43H76NO7P",0,0,0,0,0,0,0,"6.87461666666667","7.17461666666667","1462","","MSDIAL_LPE 38:6;[M-H]-;CC\C=C/C\C=C/C\C=C/C\C=C/C\C=C/C\C=C/CCCCCCCCCCCCCCCCCCC(=O)OCC(O)COP(O)(=O)OCCN;CJBYBCWNKSHREJ-KUBAVDMBNA-N;C43H76NO7P","748.52866","551.4825","78.95906","748.5287","196.0378","196.038","214.0484","6.87461666666667","7.17461666666667","1462"
"","MSDIAL_LPE 38:7;[M-H]-;CC\C=C/C\C=C/C\C=C/C\C=C/C\C=C/C\C=C/C\C=C/CCCCCCCCCCCCCCCC(=O)OCC(O)COP(O)(=O)OCCN;SMDFHRULAHKMDE-HSWNRGBQNA-N;C43H74NO7P",0,0,0,0,0,0,0,"6.4841196969697","6.7841196969697","1375","","MSDIAL_LPE 38:7;[M-H]-;CC\C=C/C\C=C/C\C=C/C\C=C/C\C=C/C\C=C/C\C=C/CCCCCCCCCCCCCCCC(=O)OCC(O)COP(O)(=O)OCCN;SMDFHRULAHKMDE-HSWNRGBQNA-N;C43H74NO7P",0,0,0,0,0,0,0,"6.4841196969697","6.7841196969697","1375","","MSDIAL_LPE 38:7;[M-H]-;CC\C=C/C\C=C/C\C=C/C\C=C/C\C=C/C\C=C/C\C=C/CCCCCCCCCCCCCCCC(=O)OCC(O)COP(O)(=O)OCCN;SMDFHRULAHKMDE-HSWNRGBQNA-N;C43H74NO7P",0,0,0,0,0,0,0,"6.4841196969697","6.7841196969697","1375","","MSDIAL_LPE 38:7;[M-H]-;CC\C=C/C\C=C/C\C=C/C\C=C/C\C=C/C\C=C/C\C=C/CCCCCCCCCCCCCCCC(=O)OCC(O)COP(O)(=O)OCCN;SMDFHRULAHKMDE-HSWNRGBQNA-N;C43H74NO7P",0,0,0,0,0,0,0,"6.4841196969697","6.7841196969697","1375","","MSDIAL_LPE 38:7;[M-H]-;CC\C=C/C\C=C/C\C=C/C\C=C/C\C=C/C\C=C/C\C=C/CCCCCCCCCCCCCCCC(=O)OCC(O)COP(O)(=O)OCCN;SMDFHRULAHKMDE-HSWNRGBQNA-N;C43H74NO7P",0,0,0,0,0,0,0,"6.4841196969697","6.7841196969697","1375","","MSDIAL_LPE 38:7;[M-H]-;CC\C=C/C\C=C/C\C=C/C\C=C/C\C=C/C\C=C/C\C=C/CCCCCCCCCCCCCCCC(=O)OCC(O)COP(O)(=O)OCCN;SMDFHRULAHKMDE-HSWNRGBQNA-N;C43H74NO7P","746.51301","549.4669","78.95906","746.5130","196.0378","196.038","214.0484","6.4841196969697","6.7841196969697","1375"
"","MSDIAL_LPE 38:7;[M-H]-;CC\C=C/C\C=C/C\C=C/C\C=C/C\C=C/C\C=C/C\C=C/CCCCCCCCCCCCCCCC(=O)OCC(O)COP(O)(=O)OCCN;SMDFHRULAHKMDE-HSWNRGBQNA-N;C43H74NO7P",0,0,0,0,0,0,0,"5.97283787878788","6.27283787878788","3071","","MSDIAL_LPE 38:7;[M-H]-;CC\C=C/C\C=C/C\C=C/C\C=C/C\C=C/C\C=C/C\C=C/CCCCCCCCCCCCCCCC(=O)OCC(O)COP(O)(=O)OCCN;SMDFHRULAHKMDE-HSWNRGBQNA-N;C43H74NO7P",0,0,0,0,0,0,0,"5.97283787878788","6.27283787878788","3071","","MSDIAL_LPE 38:7;[M-H]-;CC\C=C/C\C=C/C\C=C/C\C=C/C\C=C/C\C=C/C\C=C/CCCCCCCCCCCCCCCC(=O)OCC(O)COP(O)(=O)OCCN;SMDFHRULAHKMDE-HSWNRGBQNA-N;C43H74NO7P",0,0,0,0,0,0,0,"5.97283787878788","6.27283787878788","3071","","MSDIAL_LPE 38:7;[M-H]-;CC\C=C/C\C=C/C\C=C/C\C=C/C\C=C/C\C=C/C\C=C/CCCCCCCCCCCCCCCC(=O)OCC(O)COP(O)(=O)OCCN;SMDFHRULAHKMDE-HSWNRGBQNA-N;C43H74NO7P",0,0,0,0,0,0,0,"5.97283787878788","6.27283787878788","3071","","MSDIAL_LPE 38:7;[M-H]-;CC\C=C/C\C=C/C\C=C/C\C=C/C\C=C/C\C=C/C\C=C/CCCCCCCCCCCCCCCC(=O)OCC(O)COP(O)(=O)OCCN;SMDFHRULAHKMDE-HSWNRGBQNA-N;C43H74NO7P",0,0,0,0,0,0,0,"5.97283787878788","6.27283787878788","3071","","MSDIAL_LPE 38:7;[M-H]-;CC\C=C/C\C=C/C\C=C/C\C=C/C\C=C/C\C=C/C\C=C/CCCCCCCCCCCCCCCC(=O)OCC(O)COP(O)(=O)OCCN;SMDFHRULAHKMDE-HSWNRGBQNA-N;C43H74NO7P","746.51301","549.4669","78.95906","746.5130","196.0378","196.038","214.0484","5.97283787878788","6.27283787878788","3071"
"","MSDIAL_LPE 40:5;[M-H]-;CC\C=C/C\C=C/C\C=C/C\C=C/C\C=C/CCCCCCCCCCCCCCCCCCCCCCCC(=O)OCC(O)COP(O)(=O)OCCN;YHGCFVKRPGSLPB-JLNKQSITNA-N;C45H82NO7P",0,0,0,0,0,0,0,"9.03998333333333","9.33998333333333","1310","","MSDIAL_LPE 40:5;[M-H]-;CC\C=C/C\C=C/C\C=C/C\C=C/C\C=C/CCCCCCCCCCCCCCCCCCCCCCCC(=O)OCC(O)COP(O)(=O)OCCN;YHGCFVKRPGSLPB-JLNKQSITNA-N;C45H82NO7P",0,0,0,0,0,0,0,"9.03998333333333","9.33998333333333","1310","","MSDIAL_LPE 40:5;[M-H]-;CC\C=C/C\C=C/C\C=C/C\C=C/C\C=C/CCCCCCCCCCCCCCCCCCCCCCCC(=O)OCC(O)COP(O)(=O)OCCN;YHGCFVKRPGSLPB-JLNKQSITNA-N;C45H82NO7P",0,0,0,0,0,0,0,"9.03998333333333","9.33998333333333","1310","","MSDIAL_LPE 40:5;[M-H]-;CC\C=C/C\C=C/C\C=C/C\C=C/C\C=C/CCCCCCCCCCCCCCCCCCCCCCCC(=O)OCC(O)COP(O)(=O)OCCN;YHGCFVKRPGSLPB-JLNKQSITNA-N;C45H82NO7P",0,0,0,0,0,0,0,"9.03998333333333","9.33998333333333","1310","","MSDIAL_LPE 40:5;[M-H]-;CC\C=C/C\C=C/C\C=C/C\C=C/C\C=C/CCCCCCCCCCCCCCCCCCCCCCCC(=O)OCC(O)COP(O)(=O)OCCN;YHGCFVKRPGSLPB-JLNKQSITNA-N;C45H82NO7P",0,0,0,0,0,0,0,"9.03998333333333","9.33998333333333","1310","","MSDIAL_LPE 40:5;[M-H]-;CC\C=C/C\C=C/C\C=C/C\C=C/C\C=C/CCCCCCCCCCCCCCCCCCCCCCCC(=O)OCC(O)COP(O)(=O)OCCN;YHGCFVKRPGSLPB-JLNKQSITNA-N;C45H82NO7P","778.57561","581.5294","78.95906","778.5756","196.0378","196.038","214.0484","9.03998333333333","9.33998333333333","1310"
"","MSDIAL_LPE 40:7;[M-H]-;CC\C=C/C\C=C/C\C=C/C\C=C/C\C=C/C\C=C/C\C=C/CCCCCCCCCCCCCCCCCC(=O)OCC(O)COP(O)(=O)OCCN;DHOAHKSKEAKVAN-HSWNRGBQNA-N;C45H78NO7P",0,0,0,0,0,0,0,"7.64124242424242","7.94124242424242","1620","","MSDIAL_LPE 40:7;[M-H]-;CC\C=C/C\C=C/C\C=C/C\C=C/C\C=C/C\C=C/C\C=C/CCCCCCCCCCCCCCCCCC(=O)OCC(O)COP(O)(=O)OCCN;DHOAHKSKEAKVAN-HSWNRGBQNA-N;C45H78NO7P",0,0,0,0,0,0,0,"7.64124242424242","7.94124242424242","1620","","MSDIAL_LPE 40:7;[M-H]-;CC\C=C/C\C=C/C\C=C/C\C=C/C\C=C/C\C=C/C\C=C/CCCCCCCCCCCCCCCCCC(=O)OCC(O)COP(O)(=O)OCCN;DHOAHKSKEAKVAN-HSWNRGBQNA-N;C45H78NO7P",0,0,0,0,0,0,0,"7.64124242424242","7.94124242424242","1620","","MSDIAL_LPE 40:7;[M-H]-;CC\C=C/C\C=C/C\C=C/C\C=C/C\C=C/C\C=C/C\C=C/CCCCCCCCCCCCCCCCCC(=O)OCC(O)COP(O)(=O)OCCN;DHOAHKSKEAKVAN-HSWNRGBQNA-N;C45H78NO7P",0,0,0,0,0,0,0,"7.64124242424242","7.94124242424242","1620","","MSDIAL_LPE 40:7;[M-H]-;CC\C=C/C\C=C/C\C=C/C\C=C/C\C=C/C\C=C/C\C=C/CCCCCCCCCCCCCCCCCC(=O)OCC(O)COP(O)(=O)OCCN;DHOAHKSKEAKVAN-HSWNRGBQNA-N;C45H78NO7P",0,0,0,0,0,0,0,"7.64124242424242","7.94124242424242","1620","","MSDIAL_LPE 40:7;[M-H]-;CC\C=C/C\C=C/C\C=C/C\C=C/C\C=C/C\C=C/C\C=C/CCCCCCCCCCCCCCCCCC(=O)OCC(O)COP(O)(=O)OCCN;DHOAHKSKEAKVAN-HSWNRGBQNA-N;C45H78NO7P","774.54431","577.4982","78.95906","774.5443","196.0378","196.038","214.0484","7.64124242424242","7.94124242424242","1620"
