"Confirmed fragments if intensity is above 1000 and number of scans is greater than or equal to 1","MSDIAL_DHSph","[M+H]+","1","2","3","4","5","RT_min","RT_max","Comment","RT at Max Intensity","MSDIAL_DHSph","[M+H]+","1","2","3","4","5","RT_min","RT_max","Comment","Number of Scans","MSDIAL_DHSph","[M+H]+","1","2","3","4","5","RT_min","RT_max","Comment","Max Intensity","MSDIAL_DHSph","[M+H]+","1","2","3","4","5","RT_min","RT_max","Comment","Average m/z","MSDIAL_DHSph","[M+H]+","1","2","3","4","5","RT_min","RT_max","Comment","Theoretical, Library Parent Hits","MSDIAL_DHSph","[M+H]+","1","2","3","4","5","RT_min","RT_max","Comment"
"","MSDIAL_SPB 18:0;2O;[M+H]+;CCCCCCCCCCCCCCCC(O)C(N)CO;OTKJDMGTUTTYMP-UHFFFAOYNA-N;C18H39NO2",0,0,0,0,0,0,"0.693727272727273","0.993727272727273","6591","","MSDIAL_SPB 18:0;2O;[M+H]+;CCCCCCCCCCCCCCCC(O)C(N)CO;OTKJDMGTUTTYMP-UHFFFAOYNA-N;C18H39NO2",0,0,0,0,0,0,"0.693727272727273","0.993727272727273","6591","","MSDIAL_SPB 18:0;2O;[M+H]+;CCCCCCCCCCCCCCCC(O)C(N)CO;OTKJDMGTUTTYMP-UHFFFAOYNA-N;C18H39NO2",0,0,0,0,0,0,"0.693727272727273","0.993727272727273","6591","","MSDIAL_SPB 18:0;2O;[M+H]+;CCCCCCCCCCCCCCCC(O)C(N)CO;OTKJDMGTUTTYMP-UHFFFAOYNA-N;C18H39NO2",0,0,0,0,0,0,"0.693727272727273","0.993727272727273","6591","","MSDIAL_SPB 18:0;2O;[M+H]+;CCCCCCCCCCCCCCCC(O)C(N)CO;OTKJDMGTUTTYMP-UHFFFAOYNA-N;C18H39NO2",0,0,0,0,0,0,"0.693727272727273","0.993727272727273","6591","","MSDIAL_SPB 18:0;2O;[M+H]+;CCCCCCCCCCCCCCCC(O)C(N)CO;OTKJDMGTUTTYMP-UHFFFAOYNA-N;C18H39NO2","302.30536","254.2842","81.06988","95.08553","284.2948","266.2842","0.693727272727273","0.993727272727273","6591"
"","MSDIAL_SPB 20:0;2O;[M+H]+;CCCCCCCCCCCCCCCCCC(O)C(N)CO;UFMHYBVQZSPWSS-UHFFFAOYNA-N;C20H43NO2",0,0,0,0,0,0,"2.23447361111111","2.53447361111111","8145","","MSDIAL_SPB 20:0;2O;[M+H]+;CCCCCCCCCCCCCCCCCC(O)C(N)CO;UFMHYBVQZSPWSS-UHFFFAOYNA-N;C20H43NO2",0,0,0,0,0,0,"2.23447361111111","2.53447361111111","8145","","MSDIAL_SPB 20:0;2O;[M+H]+;CCCCCCCCCCCCCCCCCC(O)C(N)CO;UFMHYBVQZSPWSS-UHFFFAOYNA-N;C20H43NO2",0,0,0,0,0,0,"2.23447361111111","2.53447361111111","8145","","MSDIAL_SPB 20:0;2O;[M+H]+;CCCCCCCCCCCCCCCCCC(O)C(N)CO;UFMHYBVQZSPWSS-UHFFFAOYNA-N;C20H43NO2",0,0,0,0,0,0,"2.23447361111111","2.53447361111111","8145","","MSDIAL_SPB 20:0;2O;[M+H]+;CCCCCCCCCCCCCCCCCC(O)C(N)CO;UFMHYBVQZSPWSS-UHFFFAOYNA-N;C20H43NO2",0,0,0,0,0,0,"2.23447361111111","2.53447361111111","8145","","MSDIAL_SPB 20:0;2O;[M+H]+;CCCCCCCCCCCCCCCCCC(O)C(N)CO;UFMHYBVQZSPWSS-UHFFFAOYNA-N;C20H43NO2","330.33666","282.3155","81.06988","95.08553","312.3261","294.3155","2.23447361111111","2.53447361111111","8145"
"","MSDIAL_SPB 20:0;2O;[M+H]+;CCCCCCCCCCCCCCCCCC(O)C(N)CO;UFMHYBVQZSPWSS-UHFFFAOYNA-N;C20H43NO2",0,0,0,0,0,0,"15.4004958333333","15.7004958333333","11040","","MSDIAL_SPB 20:0;2O;[M+H]+;CCCCCCCCCCCCCCCCCC(O)C(N)CO;UFMHYBVQZSPWSS-UHFFFAOYNA-N;C20H43NO2",0,0,0,0,0,0,"15.4004958333333","15.7004958333333","11040","","MSDIAL_SPB 20:0;2O;[M+H]+;CCCCCCCCCCCCCCCCCC(O)C(N)CO;UFMHYBVQZSPWSS-UHFFFAOYNA-N;C20H43NO2",0,0,0,0,0,0,"15.4004958333333","15.7004958333333","11040","","MSDIAL_SPB 20:0;2O;[M+H]+;CCCCCCCCCCCCCCCCCC(O)C(N)CO;UFMHYBVQZSPWSS-UHFFFAOYNA-N;C20H43NO2",0,0,0,0,0,0,"15.4004958333333","15.7004958333333","11040","","MSDIAL_SPB 20:0;2O;[M+H]+;CCCCCCCCCCCCCCCCCC(O)C(N)CO;UFMHYBVQZSPWSS-UHFFFAOYNA-N;C20H43NO2",0,0,0,0,0,0,"15.4004958333333","15.7004958333333","11040","","MSDIAL_SPB 20:0;2O;[M+H]+;CCCCCCCCCCCCCCCCCC(O)C(N)CO;UFMHYBVQZSPWSS-UHFFFAOYNA-N;C20H43NO2","330.33666","282.3155","81.06988","95.08553","312.3261","294.3155","15.4004958333333","15.7004958333333","11040"
"","MSDIAL_SPB 20:0;2O;[M+H]+;CCCCCCCCCCCCCCCCCC(O)C(N)CO;UFMHYBVQZSPWSS-UHFFFAOYNA-N;C20H43NO2",0,0,0,0,0,0,"14.8632527777778","15.1632527777778","12328","","MSDIAL_SPB 20:0;2O;[M+H]+;CCCCCCCCCCCCCCCCCC(O)C(N)CO;UFMHYBVQZSPWSS-UHFFFAOYNA-N;C20H43NO2",0,0,0,0,0,0,"14.8632527777778","15.1632527777778","12328","","MSDIAL_SPB 20:0;2O;[M+H]+;CCCCCCCCCCCCCCCCCC(O)C(N)CO;UFMHYBVQZSPWSS-UHFFFAOYNA-N;C20H43NO2",0,0,0,0,0,0,"14.8632527777778","15.1632527777778","12328","","MSDIAL_SPB 20:0;2O;[M+H]+;CCCCCCCCCCCCCCCCCC(O)C(N)CO;UFMHYBVQZSPWSS-UHFFFAOYNA-N;C20H43NO2",0,0,0,0,0,0,"14.8632527777778","15.1632527777778","12328","","MSDIAL_SPB 20:0;2O;[M+H]+;CCCCCCCCCCCCCCCCCC(O)C(N)CO;UFMHYBVQZSPWSS-UHFFFAOYNA-N;C20H43NO2",0,0,0,0,0,0,"14.8632527777778","15.1632527777778","12328","","MSDIAL_SPB 20:0;2O;[M+H]+;CCCCCCCCCCCCCCCCCC(O)C(N)CO;UFMHYBVQZSPWSS-UHFFFAOYNA-N;C20H43NO2","330.33666","282.3155","81.06988","95.08553","312.3261","294.3155","14.8632527777778","15.1632527777778","12328"
"","MSDIAL_SPB 20:0;2O;[M+H]+;CCCCCCCCCCCCCCCCCC(O)C(N)CO;UFMHYBVQZSPWSS-UHFFFAOYNA-N;C20H43NO2",0,0,0,0,0,0,"16.6052458333333","16.9052458333333","14186","","MSDIAL_SPB 20:0;2O;[M+H]+;CCCCCCCCCCCCCCCCCC(O)C(N)CO;UFMHYBVQZSPWSS-UHFFFAOYNA-N;C20H43NO2",0,0,0,0,0,0,"16.6052458333333","16.9052458333333","14186","","MSDIAL_SPB 20:0;2O;[M+H]+;CCCCCCCCCCCCCCCCCC(O)C(N)CO;UFMHYBVQZSPWSS-UHFFFAOYNA-N;C20H43NO2",0,0,0,0,0,0,"16.6052458333333","16.9052458333333","14186","","MSDIAL_SPB 20:0;2O;[M+H]+;CCCCCCCCCCCCCCCCCC(O)C(N)CO;UFMHYBVQZSPWSS-UHFFFAOYNA-N;C20H43NO2",0,0,0,0,0,0,"16.6052458333333","16.9052458333333","14186","","MSDIAL_SPB 20:0;2O;[M+H]+;CCCCCCCCCCCCCCCCCC(O)C(N)CO;UFMHYBVQZSPWSS-UHFFFAOYNA-N;C20H43NO2",0,0,0,0,0,0,"16.6052458333333","16.9052458333333","14186","","MSDIAL_SPB 20:0;2O;[M+H]+;CCCCCCCCCCCCCCCCCC(O)C(N)CO;UFMHYBVQZSPWSS-UHFFFAOYNA-N;C20H43NO2","330.33666","282.3155","81.06988","95.08553","312.3261","294.3155","16.6052458333333","16.9052458333333","14186"
"","MSDIAL_SPB 20:0;2O;[M+H]+;CCCCCCCCCCCCCCCCCC(O)C(N)CO;UFMHYBVQZSPWSS-UHFFFAOYNA-N;C20H43NO2",0,0,0,0,0,0,"15.3482069444444","15.6482069444444","17096","","MSDIAL_SPB 20:0;2O;[M+H]+;CCCCCCCCCCCCCCCCCC(O)C(N)CO;UFMHYBVQZSPWSS-UHFFFAOYNA-N;C20H43NO2",0,0,0,0,0,0,"15.3482069444444","15.6482069444444","17096","","MSDIAL_SPB 20:0;2O;[M+H]+;CCCCCCCCCCCCCCCCCC(O)C(N)CO;UFMHYBVQZSPWSS-UHFFFAOYNA-N;C20H43NO2",0,0,0,0,0,0,"15.3482069444444","15.6482069444444","17096","","MSDIAL_SPB 20:0;2O;[M+H]+;CCCCCCCCCCCCCCCCCC(O)C(N)CO;UFMHYBVQZSPWSS-UHFFFAOYNA-N;C20H43NO2",0,0,0,0,0,0,"15.3482069444444","15.6482069444444","17096","","MSDIAL_SPB 20:0;2O;[M+H]+;CCCCCCCCCCCCCCCCCC(O)C(N)CO;UFMHYBVQZSPWSS-UHFFFAOYNA-N;C20H43NO2",0,0,0,0,0,0,"15.3482069444444","15.6482069444444","17096","","MSDIAL_SPB 20:0;2O;[M+H]+;CCCCCCCCCCCCCCCCCC(O)C(N)CO;UFMHYBVQZSPWSS-UHFFFAOYNA-N;C20H43NO2","330.33666","282.3155","81.06988","95.08553","312.3261","294.3155","15.3482069444444","15.6482069444444","17096"
"","MSDIAL_SPB 20:0;2O;[M+H]+;CCCCCCCCCCCCCCCCCC(O)C(N)CO;UFMHYBVQZSPWSS-UHFFFAOYNA-N;C20H43NO2",0,0,0,0,0,0,"14.9430833333333","15.2430833333333","18196","","MSDIAL_SPB 20:0;2O;[M+H]+;CCCCCCCCCCCCCCCCCC(O)C(N)CO;UFMHYBVQZSPWSS-UHFFFAOYNA-N;C20H43NO2",0,0,0,0,0,0,"14.9430833333333","15.2430833333333","18196","","MSDIAL_SPB 20:0;2O;[M+H]+;CCCCCCCCCCCCCCCCCC(O)C(N)CO;UFMHYBVQZSPWSS-UHFFFAOYNA-N;C20H43NO2",0,0,0,0,0,0,"14.9430833333333","15.2430833333333","18196","","MSDIAL_SPB 20:0;2O;[M+H]+;CCCCCCCCCCCCCCCCCC(O)C(N)CO;UFMHYBVQZSPWSS-UHFFFAOYNA-N;C20H43NO2",0,0,0,0,0,0,"14.9430833333333","15.2430833333333","18196","","MSDIAL_SPB 20:0;2O;[M+H]+;CCCCCCCCCCCCCCCCCC(O)C(N)CO;UFMHYBVQZSPWSS-UHFFFAOYNA-N;C20H43NO2",0,0,0,0,0,0,"14.9430833333333","15.2430833333333","18196","","MSDIAL_SPB 20:0;2O;[M+H]+;CCCCCCCCCCCCCCCCCC(O)C(N)CO;UFMHYBVQZSPWSS-UHFFFAOYNA-N;C20H43NO2","330.33666","282.3155","81.06988","95.08553","312.3261","294.3155","14.9430833333333","15.2430833333333","18196"
"","MSDIAL_SPB 21:0;2O;[M+H]+;CCCCCCCCCCCCCCCCCCC(O)C(N)CO;NHDQIKCVJISQDC-UHFFFAOYNA-N;C21H45NO2",0,0,0,0,0,0,"3.51935416666667","3.81935416666667","6482","","MSDIAL_SPB 21:0;2O;[M+H]+;CCCCCCCCCCCCCCCCCCC(O)C(N)CO;NHDQIKCVJISQDC-UHFFFAOYNA-N;C21H45NO2",0,0,0,0,0,0,"3.51935416666667","3.81935416666667","6482","","MSDIAL_SPB 21:0;2O;[M+H]+;CCCCCCCCCCCCCCCCCCC(O)C(N)CO;NHDQIKCVJISQDC-UHFFFAOYNA-N;C21H45NO2",0,0,0,0,0,0,"3.51935416666667","3.81935416666667","6482","","MSDIAL_SPB 21:0;2O;[M+H]+;CCCCCCCCCCCCCCCCCCC(O)C(N)CO;NHDQIKCVJISQDC-UHFFFAOYNA-N;C21H45NO2",0,0,0,0,0,0,"3.51935416666667","3.81935416666667","6482","","MSDIAL_SPB 21:0;2O;[M+H]+;CCCCCCCCCCCCCCCCCCC(O)C(N)CO;NHDQIKCVJISQDC-UHFFFAOYNA-N;C21H45NO2",0,0,0,0,0,0,"3.51935416666667","3.81935416666667","6482","","MSDIAL_SPB 21:0;2O;[M+H]+;CCCCCCCCCCCCCCCCCCC(O)C(N)CO;NHDQIKCVJISQDC-UHFFFAOYNA-N;C21H45NO2","344.35231","296.3312","81.06988","95.08553","326.3417","308.3312","3.51935416666667","3.81935416666667","6482"
"","MSDIAL_SPB 22:0;2O;[M+H]+;CCCCCCCCCCCCCCCCCCCC(O)C(N)CO;VPIBTXPFUHYKCE-UHFFFAOYNA-N;C22H47NO2",1,0,0,0,1,0,"3.30523194444445","3.60523194444445","2594","","MSDIAL_SPB 22:0;2O;[M+H]+;CCCCCCCCCCCCCCCCCCCC(O)C(N)CO;VPIBTXPFUHYKCE-UHFFFAOYNA-N;C22H47NO2",3.468262,0,0,0,3.468262,0,"3.30523194444445","3.60523194444445","2594","","MSDIAL_SPB 22:0;2O;[M+H]+;CCCCCCCCCCCCCCCCCCCC(O)C(N)CO;VPIBTXPFUHYKCE-UHFFFAOYNA-N;C22H47NO2",1,0,0,0,1,0,"3.30523194444445","3.60523194444445","2594","","MSDIAL_SPB 22:0;2O;[M+H]+;CCCCCCCCCCCCCCCCCCCC(O)C(N)CO;VPIBTXPFUHYKCE-UHFFFAOYNA-N;C22H47NO2",102139.1,0,0,0,90881.1,0,"3.30523194444445","3.60523194444445","2594","","MSDIAL_SPB 22:0;2O;[M+H]+;CCCCCCCCCCCCCCCCCCCC(O)C(N)CO;VPIBTXPFUHYKCE-UHFFFAOYNA-N;C22H47NO2",358.3683,0,0,0,340.3578,0,"3.30523194444445","3.60523194444445","2594","","MSDIAL_SPB 22:0;2O;[M+H]+;CCCCCCCCCCCCCCCCCCCC(O)C(N)CO;VPIBTXPFUHYKCE-UHFFFAOYNA-N;C22H47NO2","358.36796","310.3468","81.06988","95.08553","340.3574","322.3468","3.30523194444445","3.60523194444445","2594"
"","MSDIAL_SPB 22:0;2O;[M+H]+;CCCCCCCCCCCCCCCCCCCC(O)C(N)CO;VPIBTXPFUHYKCE-UHFFFAOYNA-N;C22H47NO2",0,0,0,0,0,0,"1.07221666666667","1.37221666666667","3522","","MSDIAL_SPB 22:0;2O;[M+H]+;CCCCCCCCCCCCCCCCCCCC(O)C(N)CO;VPIBTXPFUHYKCE-UHFFFAOYNA-N;C22H47NO2",0,0,0,0,0,0,"1.07221666666667","1.37221666666667","3522","","MSDIAL_SPB 22:0;2O;[M+H]+;CCCCCCCCCCCCCCCCCCCC(O)C(N)CO;VPIBTXPFUHYKCE-UHFFFAOYNA-N;C22H47NO2",0,0,0,0,0,0,"1.07221666666667","1.37221666666667","3522","","MSDIAL_SPB 22:0;2O;[M+H]+;CCCCCCCCCCCCCCCCCCCC(O)C(N)CO;VPIBTXPFUHYKCE-UHFFFAOYNA-N;C22H47NO2",0,0,0,0,0,0,"1.07221666666667","1.37221666666667","3522","","MSDIAL_SPB 22:0;2O;[M+H]+;CCCCCCCCCCCCCCCCCCCC(O)C(N)CO;VPIBTXPFUHYKCE-UHFFFAOYNA-N;C22H47NO2",0,0,0,0,0,0,"1.07221666666667","1.37221666666667","3522","","MSDIAL_SPB 22:0;2O;[M+H]+;CCCCCCCCCCCCCCCCCCCC(O)C(N)CO;VPIBTXPFUHYKCE-UHFFFAOYNA-N;C22H47NO2","358.36796","310.3468","81.06988","95.08553","340.3574","322.3468","1.07221666666667","1.37221666666667","3522"
"","MSDIAL_SPB 22:0;2O;[M+H]+;CCCCCCCCCCCCCCCCCCCC(O)C(N)CO;VPIBTXPFUHYKCE-UHFFFAOYNA-N;C22H47NO2",0,0,0,0,0,0,"4.11224166666667","4.41224166666667","4091","","MSDIAL_SPB 22:0;2O;[M+H]+;CCCCCCCCCCCCCCCCCCCC(O)C(N)CO;VPIBTXPFUHYKCE-UHFFFAOYNA-N;C22H47NO2",0,0,0,0,0,0,"4.11224166666667","4.41224166666667","4091","","MSDIAL_SPB 22:0;2O;[M+H]+;CCCCCCCCCCCCCCCCCCCC(O)C(N)CO;VPIBTXPFUHYKCE-UHFFFAOYNA-N;C22H47NO2",0,0,0,0,0,0,"4.11224166666667","4.41224166666667","4091","","MSDIAL_SPB 22:0;2O;[M+H]+;CCCCCCCCCCCCCCCCCCCC(O)C(N)CO;VPIBTXPFUHYKCE-UHFFFAOYNA-N;C22H47NO2",0,0,0,0,0,0,"4.11224166666667","4.41224166666667","4091","","MSDIAL_SPB 22:0;2O;[M+H]+;CCCCCCCCCCCCCCCCCCCC(O)C(N)CO;VPIBTXPFUHYKCE-UHFFFAOYNA-N;C22H47NO2",0,0,0,0,0,0,"4.11224166666667","4.41224166666667","4091","","MSDIAL_SPB 22:0;2O;[M+H]+;CCCCCCCCCCCCCCCCCCCC(O)C(N)CO;VPIBTXPFUHYKCE-UHFFFAOYNA-N;C22H47NO2","358.36796","310.3468","81.06988","95.08553","340.3574","322.3468","4.11224166666667","4.41224166666667","4091"
"","MSDIAL_SPB 22:0;2O;[M+H]+;CCCCCCCCCCCCCCCCCCCC(O)C(N)CO;VPIBTXPFUHYKCE-UHFFFAOYNA-N;C22H47NO2",0,0,0,0,0,0,"1.38880757575758","1.68880757575758","16989","","MSDIAL_SPB 22:0;2O;[M+H]+;CCCCCCCCCCCCCCCCCCCC(O)C(N)CO;VPIBTXPFUHYKCE-UHFFFAOYNA-N;C22H47NO2",0,0,0,0,0,0,"1.38880757575758","1.68880757575758","16989","","MSDIAL_SPB 22:0;2O;[M+H]+;CCCCCCCCCCCCCCCCCCCC(O)C(N)CO;VPIBTXPFUHYKCE-UHFFFAOYNA-N;C22H47NO2",0,0,0,0,0,0,"1.38880757575758","1.68880757575758","16989","","MSDIAL_SPB 22:0;2O;[M+H]+;CCCCCCCCCCCCCCCCCCCC(O)C(N)CO;VPIBTXPFUHYKCE-UHFFFAOYNA-N;C22H47NO2",0,0,0,0,0,0,"1.38880757575758","1.68880757575758","16989","","MSDIAL_SPB 22:0;2O;[M+H]+;CCCCCCCCCCCCCCCCCCCC(O)C(N)CO;VPIBTXPFUHYKCE-UHFFFAOYNA-N;C22H47NO2",0,0,0,0,0,0,"1.38880757575758","1.68880757575758","16989","","MSDIAL_SPB 22:0;2O;[M+H]+;CCCCCCCCCCCCCCCCCCCC(O)C(N)CO;VPIBTXPFUHYKCE-UHFFFAOYNA-N;C22H47NO2","358.36796","310.3468","81.06988","95.08553","340.3574","322.3468","1.38880757575758","1.68880757575758","16989"
"","MSDIAL_SPB 23:0;2O;[M+H]+;CCCCCCCCCCCCCCCCCCCCC(O)C(N)CO;YPKCYJZTJSTFLP-UHFFFAOYNA-N;C23H49NO2",0,0,0,0,0,0,"5.29032222222222","5.59032222222222","4118","","MSDIAL_SPB 23:0;2O;[M+H]+;CCCCCCCCCCCCCCCCCCCCC(O)C(N)CO;YPKCYJZTJSTFLP-UHFFFAOYNA-N;C23H49NO2",0,0,0,0,0,0,"5.29032222222222","5.59032222222222","4118","","MSDIAL_SPB 23:0;2O;[M+H]+;CCCCCCCCCCCCCCCCCCCCC(O)C(N)CO;YPKCYJZTJSTFLP-UHFFFAOYNA-N;C23H49NO2",0,0,0,0,0,0,"5.29032222222222","5.59032222222222","4118","","MSDIAL_SPB 23:0;2O;[M+H]+;CCCCCCCCCCCCCCCCCCCCC(O)C(N)CO;YPKCYJZTJSTFLP-UHFFFAOYNA-N;C23H49NO2",0,0,0,0,0,0,"5.29032222222222","5.59032222222222","4118","","MSDIAL_SPB 23:0;2O;[M+H]+;CCCCCCCCCCCCCCCCCCCCC(O)C(N)CO;YPKCYJZTJSTFLP-UHFFFAOYNA-N;C23H49NO2",0,0,0,0,0,0,"5.29032222222222","5.59032222222222","4118","","MSDIAL_SPB 23:0;2O;[M+H]+;CCCCCCCCCCCCCCCCCCCCC(O)C(N)CO;YPKCYJZTJSTFLP-UHFFFAOYNA-N;C23H49NO2","372.38361","324.3625","81.06988","95.08553","354.3730","336.3625","5.29032222222222","5.59032222222222","4118"
"","MSDIAL_SPB 23:0;2O;[M+H]+;CCCCCCCCCCCCCCCCCCCCC(O)C(N)CO;YPKCYJZTJSTFLP-UHFFFAOYNA-N;C23H49NO2",0,0,0,0,0,0,"4.712175","5.012175","8635","","MSDIAL_SPB 23:0;2O;[M+H]+;CCCCCCCCCCCCCCCCCCCCC(O)C(N)CO;YPKCYJZTJSTFLP-UHFFFAOYNA-N;C23H49NO2",0,0,0,0,0,0,"4.712175","5.012175","8635","","MSDIAL_SPB 23:0;2O;[M+H]+;CCCCCCCCCCCCCCCCCCCCC(O)C(N)CO;YPKCYJZTJSTFLP-UHFFFAOYNA-N;C23H49NO2",0,0,0,0,0,0,"4.712175","5.012175","8635","","MSDIAL_SPB 23:0;2O;[M+H]+;CCCCCCCCCCCCCCCCCCCCC(O)C(N)CO;YPKCYJZTJSTFLP-UHFFFAOYNA-N;C23H49NO2",0,0,0,0,0,0,"4.712175","5.012175","8635","","MSDIAL_SPB 23:0;2O;[M+H]+;CCCCCCCCCCCCCCCCCCCCC(O)C(N)CO;YPKCYJZTJSTFLP-UHFFFAOYNA-N;C23H49NO2",0,0,0,0,0,0,"4.712175","5.012175","8635","","MSDIAL_SPB 23:0;2O;[M+H]+;CCCCCCCCCCCCCCCCCCCCC(O)C(N)CO;YPKCYJZTJSTFLP-UHFFFAOYNA-N;C23H49NO2","372.38361","324.3625","81.06988","95.08553","354.3730","336.3625","4.712175","5.012175","8635"
"","MSDIAL_SPB 23:0;2O;[M+H]+;CCCCCCCCCCCCCCCCCCCCC(O)C(N)CO;YPKCYJZTJSTFLP-UHFFFAOYNA-N;C23H49NO2",0,0,0,0,0,0,"4.98513611111111","5.28513611111111","12544","","MSDIAL_SPB 23:0;2O;[M+H]+;CCCCCCCCCCCCCCCCCCCCC(O)C(N)CO;YPKCYJZTJSTFLP-UHFFFAOYNA-N;C23H49NO2",0,0,0,0,0,0,"4.98513611111111","5.28513611111111","12544","","MSDIAL_SPB 23:0;2O;[M+H]+;CCCCCCCCCCCCCCCCCCCCC(O)C(N)CO;YPKCYJZTJSTFLP-UHFFFAOYNA-N;C23H49NO2",0,0,0,0,0,0,"4.98513611111111","5.28513611111111","12544","","MSDIAL_SPB 23:0;2O;[M+H]+;CCCCCCCCCCCCCCCCCCCCC(O)C(N)CO;YPKCYJZTJSTFLP-UHFFFAOYNA-N;C23H49NO2",0,0,0,0,0,0,"4.98513611111111","5.28513611111111","12544","","MSDIAL_SPB 23:0;2O;[M+H]+;CCCCCCCCCCCCCCCCCCCCC(O)C(N)CO;YPKCYJZTJSTFLP-UHFFFAOYNA-N;C23H49NO2",0,0,0,0,0,0,"4.98513611111111","5.28513611111111","12544","","MSDIAL_SPB 23:0;2O;[M+H]+;CCCCCCCCCCCCCCCCCCCCC(O)C(N)CO;YPKCYJZTJSTFLP-UHFFFAOYNA-N;C23H49NO2","372.38361","324.3625","81.06988","95.08553","354.3730","336.3625","4.98513611111111","5.28513611111111","12544"
"","MSDIAL_SPB 24:0;2O;[M+H]+;CCCCCCCCCCCCCCCCCCCCCC(O)C(N)CO;BUSRZFZXMUHNTO-UHFFFAOYNA-N;C24H51NO2",1,0,1,1,1,0,"4.73681666666667","5.03681666666667","644","","MSDIAL_SPB 24:0;2O;[M+H]+;CCCCCCCCCCCCCCCCCCCCCC(O)C(N)CO;BUSRZFZXMUHNTO-UHFFFAOYNA-N;C24H51NO2",4.834182,4.834182,4.959972,4.959972,4.834182,0,"4.73681666666667","5.03681666666667","644","","MSDIAL_SPB 24:0;2O;[M+H]+;CCCCCCCCCCCCCCCCCCCCCC(O)C(N)CO;BUSRZFZXMUHNTO-UHFFFAOYNA-N;C24H51NO2",2,1,1,1,2,0,"4.73681666666667","5.03681666666667","644","","MSDIAL_SPB 24:0;2O;[M+H]+;CCCCCCCCCCCCCCCCCCCCCC(O)C(N)CO;BUSRZFZXMUHNTO-UHFFFAOYNA-N;C24H51NO2",313224.4,699.0823,1624.59,2005.494,272847.3,0,"4.73681666666667","5.03681666666667","644","","MSDIAL_SPB 24:0;2O;[M+H]+;CCCCCCCCCCCCCCCCCCCCCC(O)C(N)CO;BUSRZFZXMUHNTO-UHFFFAOYNA-N;C24H51NO2",386.4001,338.3787,81.07006,95.08578,368.3895,0,"4.73681666666667","5.03681666666667","644","","MSDIAL_SPB 24:0;2O;[M+H]+;CCCCCCCCCCCCCCCCCCCCCC(O)C(N)CO;BUSRZFZXMUHNTO-UHFFFAOYNA-N;C24H51NO2","386.39926","338.3781","81.06988","95.08553","368.3887","350.3781","4.73681666666667","5.03681666666667","644"
"","MSDIAL_SPB 24:0;2O;[M+H]+;CCCCCCCCCCCCCCCCCCCCCC(O)C(N)CO;BUSRZFZXMUHNTO-UHFFFAOYNA-N;C24H51NO2",0,0,0,0,0,0,"1.13954444444444","1.43954444444444","3886","","MSDIAL_SPB 24:0;2O;[M+H]+;CCCCCCCCCCCCCCCCCCCCCC(O)C(N)CO;BUSRZFZXMUHNTO-UHFFFAOYNA-N;C24H51NO2",0,0,0,0,0,0,"1.13954444444444","1.43954444444444","3886","","MSDIAL_SPB 24:0;2O;[M+H]+;CCCCCCCCCCCCCCCCCCCCCC(O)C(N)CO;BUSRZFZXMUHNTO-UHFFFAOYNA-N;C24H51NO2",0,0,0,0,0,0,"1.13954444444444","1.43954444444444","3886","","MSDIAL_SPB 24:0;2O;[M+H]+;CCCCCCCCCCCCCCCCCCCCCC(O)C(N)CO;BUSRZFZXMUHNTO-UHFFFAOYNA-N;C24H51NO2",0,0,0,0,0,0,"1.13954444444444","1.43954444444444","3886","","MSDIAL_SPB 24:0;2O;[M+H]+;CCCCCCCCCCCCCCCCCCCCCC(O)C(N)CO;BUSRZFZXMUHNTO-UHFFFAOYNA-N;C24H51NO2",0,0,0,0,0,0,"1.13954444444444","1.43954444444444","3886","","MSDIAL_SPB 24:0;2O;[M+H]+;CCCCCCCCCCCCCCCCCCCCCC(O)C(N)CO;BUSRZFZXMUHNTO-UHFFFAOYNA-N;C24H51NO2","386.39926","338.3781","81.06988","95.08553","368.3887","350.3781","1.13954444444444","1.43954444444444","3886"
"","MSDIAL_SPB 24:0;2O;[M+H]+;CCCCCCCCCCCCCCCCCCCCCC(O)C(N)CO;BUSRZFZXMUHNTO-UHFFFAOYNA-N;C24H51NO2",0,0,0,0,0,0,"3.5102125","3.8102125","7257","","MSDIAL_SPB 24:0;2O;[M+H]+;CCCCCCCCCCCCCCCCCCCCCC(O)C(N)CO;BUSRZFZXMUHNTO-UHFFFAOYNA-N;C24H51NO2",0,0,0,0,0,0,"3.5102125","3.8102125","7257","","MSDIAL_SPB 24:0;2O;[M+H]+;CCCCCCCCCCCCCCCCCCCCCC(O)C(N)CO;BUSRZFZXMUHNTO-UHFFFAOYNA-N;C24H51NO2",0,0,0,0,0,0,"3.5102125","3.8102125","7257","","MSDIAL_SPB 24:0;2O;[M+H]+;CCCCCCCCCCCCCCCCCCCCCC(O)C(N)CO;BUSRZFZXMUHNTO-UHFFFAOYNA-N;C24H51NO2",0,0,0,0,0,0,"3.5102125","3.8102125","7257","","MSDIAL_SPB 24:0;2O;[M+H]+;CCCCCCCCCCCCCCCCCCCCCC(O)C(N)CO;BUSRZFZXMUHNTO-UHFFFAOYNA-N;C24H51NO2",0,0,0,0,0,0,"3.5102125","3.8102125","7257","","MSDIAL_SPB 24:0;2O;[M+H]+;CCCCCCCCCCCCCCCCCCCCCC(O)C(N)CO;BUSRZFZXMUHNTO-UHFFFAOYNA-N;C24H51NO2","386.39926","338.3781","81.06988","95.08553","368.3887","350.3781","3.5102125","3.8102125","7257"
"","MSDIAL_SPB 24:0;2O;[M+H]+;CCCCCCCCCCCCCCCCCCCCCC(O)C(N)CO;BUSRZFZXMUHNTO-UHFFFAOYNA-N;C24H51NO2",0,0,0,0,0,0,"5.62359305555555","5.92359305555555","8949","","MSDIAL_SPB 24:0;2O;[M+H]+;CCCCCCCCCCCCCCCCCCCCCC(O)C(N)CO;BUSRZFZXMUHNTO-UHFFFAOYNA-N;C24H51NO2",0,0,0,0,0,0,"5.62359305555555","5.92359305555555","8949","","MSDIAL_SPB 24:0;2O;[M+H]+;CCCCCCCCCCCCCCCCCCCCCC(O)C(N)CO;BUSRZFZXMUHNTO-UHFFFAOYNA-N;C24H51NO2",0,0,0,0,0,0,"5.62359305555555","5.92359305555555","8949","","MSDIAL_SPB 24:0;2O;[M+H]+;CCCCCCCCCCCCCCCCCCCCCC(O)C(N)CO;BUSRZFZXMUHNTO-UHFFFAOYNA-N;C24H51NO2",0,0,0,0,0,0,"5.62359305555555","5.92359305555555","8949","","MSDIAL_SPB 24:0;2O;[M+H]+;CCCCCCCCCCCCCCCCCCCCCC(O)C(N)CO;BUSRZFZXMUHNTO-UHFFFAOYNA-N;C24H51NO2",0,0,0,0,0,0,"5.62359305555555","5.92359305555555","8949","","MSDIAL_SPB 24:0;2O;[M+H]+;CCCCCCCCCCCCCCCCCCCCCC(O)C(N)CO;BUSRZFZXMUHNTO-UHFFFAOYNA-N;C24H51NO2","386.39926","338.3781","81.06988","95.08553","368.3887","350.3781","5.62359305555555","5.92359305555555","8949"
"","MSDIAL_SPB 25:0;2O;[M+H]+;CCCCCCCCCCCCCCCCCCCCCCC(O)C(N)CO;QXSJLYUTPJUIBV-UHFFFAOYNA-N;C25H53NO2",0,0,0,0,0,0,"6.72218472222222","7.02218472222222","1670","","MSDIAL_SPB 25:0;2O;[M+H]+;CCCCCCCCCCCCCCCCCCCCCCC(O)C(N)CO;QXSJLYUTPJUIBV-UHFFFAOYNA-N;C25H53NO2",0,0,0,0,0,0,"6.72218472222222","7.02218472222222","1670","","MSDIAL_SPB 25:0;2O;[M+H]+;CCCCCCCCCCCCCCCCCCCCCCC(O)C(N)CO;QXSJLYUTPJUIBV-UHFFFAOYNA-N;C25H53NO2",0,0,0,0,0,0,"6.72218472222222","7.02218472222222","1670","","MSDIAL_SPB 25:0;2O;[M+H]+;CCCCCCCCCCCCCCCCCCCCCCC(O)C(N)CO;QXSJLYUTPJUIBV-UHFFFAOYNA-N;C25H53NO2",0,0,0,0,0,0,"6.72218472222222","7.02218472222222","1670","","MSDIAL_SPB 25:0;2O;[M+H]+;CCCCCCCCCCCCCCCCCCCCCCC(O)C(N)CO;QXSJLYUTPJUIBV-UHFFFAOYNA-N;C25H53NO2",0,0,0,0,0,0,"6.72218472222222","7.02218472222222","1670","","MSDIAL_SPB 25:0;2O;[M+H]+;CCCCCCCCCCCCCCCCCCCCCCC(O)C(N)CO;QXSJLYUTPJUIBV-UHFFFAOYNA-N;C25H53NO2","400.41491","352.3938","81.06988","95.08553","382.4043","364.3938","6.72218472222222","7.02218472222222","1670"
"","MSDIAL_SPB 25:0;2O;[M+H]+;CCCCCCCCCCCCCCCCCCCCCCC(O)C(N)CO;QXSJLYUTPJUIBV-UHFFFAOYNA-N;C25H53NO2",0,0,0,0,0,0,"5.43593333333333","5.73593333333333","12309","","MSDIAL_SPB 25:0;2O;[M+H]+;CCCCCCCCCCCCCCCCCCCCCCC(O)C(N)CO;QXSJLYUTPJUIBV-UHFFFAOYNA-N;C25H53NO2",0,0,0,0,0,0,"5.43593333333333","5.73593333333333","12309","","MSDIAL_SPB 25:0;2O;[M+H]+;CCCCCCCCCCCCCCCCCCCCCCC(O)C(N)CO;QXSJLYUTPJUIBV-UHFFFAOYNA-N;C25H53NO2",0,0,0,0,0,0,"5.43593333333333","5.73593333333333","12309","","MSDIAL_SPB 25:0;2O;[M+H]+;CCCCCCCCCCCCCCCCCCCCCCC(O)C(N)CO;QXSJLYUTPJUIBV-UHFFFAOYNA-N;C25H53NO2",0,0,0,0,0,0,"5.43593333333333","5.73593333333333","12309","","MSDIAL_SPB 25:0;2O;[M+H]+;CCCCCCCCCCCCCCCCCCCCCCC(O)C(N)CO;QXSJLYUTPJUIBV-UHFFFAOYNA-N;C25H53NO2",0,0,0,0,0,0,"5.43593333333333","5.73593333333333","12309","","MSDIAL_SPB 25:0;2O;[M+H]+;CCCCCCCCCCCCCCCCCCCCCCC(O)C(N)CO;QXSJLYUTPJUIBV-UHFFFAOYNA-N;C25H53NO2","400.41491","352.3938","81.06988","95.08553","382.4043","364.3938","5.43593333333333","5.73593333333333","12309"
"","MSDIAL_SPB 26:0;2O;[M+H]+;CCCCCCCCCCCCCCCCCCCCCCCC(O)C(N)CO;HIEGLQBXJKXOLA-UHFFFAOYNA-N;C26H55NO2",0,0,0,0,0,0,"6.14526666666667","6.44526666666667","3194","","MSDIAL_SPB 26:0;2O;[M+H]+;CCCCCCCCCCCCCCCCCCCCCCCC(O)C(N)CO;HIEGLQBXJKXOLA-UHFFFAOYNA-N;C26H55NO2",0,0,0,0,0,0,"6.14526666666667","6.44526666666667","3194","","MSDIAL_SPB 26:0;2O;[M+H]+;CCCCCCCCCCCCCCCCCCCCCCCC(O)C(N)CO;HIEGLQBXJKXOLA-UHFFFAOYNA-N;C26H55NO2",0,0,0,0,0,0,"6.14526666666667","6.44526666666667","3194","","MSDIAL_SPB 26:0;2O;[M+H]+;CCCCCCCCCCCCCCCCCCCCCCCC(O)C(N)CO;HIEGLQBXJKXOLA-UHFFFAOYNA-N;C26H55NO2",0,0,0,0,0,0,"6.14526666666667","6.44526666666667","3194","","MSDIAL_SPB 26:0;2O;[M+H]+;CCCCCCCCCCCCCCCCCCCCCCCC(O)C(N)CO;HIEGLQBXJKXOLA-UHFFFAOYNA-N;C26H55NO2",0,0,0,0,0,0,"6.14526666666667","6.44526666666667","3194","","MSDIAL_SPB 26:0;2O;[M+H]+;CCCCCCCCCCCCCCCCCCCCCCCC(O)C(N)CO;HIEGLQBXJKXOLA-UHFFFAOYNA-N;C26H55NO2","414.43056","366.4094","81.06988","95.08553","396.4200","378.4094","6.14526666666667","6.44526666666667","3194"
"","MSDIAL_SPB 26:0;2O;[M+H]+;CCCCCCCCCCCCCCCCCCCCCCCC(O)C(N)CO;HIEGLQBXJKXOLA-UHFFFAOYNA-N;C26H55NO2",0,0,0,0,0,0,"4.90767916666667","5.20767916666667","7065","","MSDIAL_SPB 26:0;2O;[M+H]+;CCCCCCCCCCCCCCCCCCCCCCCC(O)C(N)CO;HIEGLQBXJKXOLA-UHFFFAOYNA-N;C26H55NO2",0,0,0,0,0,0,"4.90767916666667","5.20767916666667","7065","","MSDIAL_SPB 26:0;2O;[M+H]+;CCCCCCCCCCCCCCCCCCCCCCCC(O)C(N)CO;HIEGLQBXJKXOLA-UHFFFAOYNA-N;C26H55NO2",0,0,0,0,0,0,"4.90767916666667","5.20767916666667","7065","","MSDIAL_SPB 26:0;2O;[M+H]+;CCCCCCCCCCCCCCCCCCCCCCCC(O)C(N)CO;HIEGLQBXJKXOLA-UHFFFAOYNA-N;C26H55NO2",0,0,0,0,0,0,"4.90767916666667","5.20767916666667","7065","","MSDIAL_SPB 26:0;2O;[M+H]+;CCCCCCCCCCCCCCCCCCCCCCCC(O)C(N)CO;HIEGLQBXJKXOLA-UHFFFAOYNA-N;C26H55NO2",0,0,0,0,0,0,"4.90767916666667","5.20767916666667","7065","","MSDIAL_SPB 26:0;2O;[M+H]+;CCCCCCCCCCCCCCCCCCCCCCCC(O)C(N)CO;HIEGLQBXJKXOLA-UHFFFAOYNA-N;C26H55NO2","414.43056","366.4094","81.06988","95.08553","396.4200","378.4094","4.90767916666667","5.20767916666667","7065"
"","MSDIAL_SPB 26:0;2O;[M+H]+;CCCCCCCCCCCCCCCCCCCCCCCC(O)C(N)CO;HIEGLQBXJKXOLA-UHFFFAOYNA-N;C26H55NO2",0,0,0,0,0,0,"1.68853888888889","1.98853888888889","7368","","MSDIAL_SPB 26:0;2O;[M+H]+;CCCCCCCCCCCCCCCCCCCCCCCC(O)C(N)CO;HIEGLQBXJKXOLA-UHFFFAOYNA-N;C26H55NO2",0,0,0,0,0,0,"1.68853888888889","1.98853888888889","7368","","MSDIAL_SPB 26:0;2O;[M+H]+;CCCCCCCCCCCCCCCCCCCCCCCC(O)C(N)CO;HIEGLQBXJKXOLA-UHFFFAOYNA-N;C26H55NO2",0,0,0,0,0,0,"1.68853888888889","1.98853888888889","7368","","MSDIAL_SPB 26:0;2O;[M+H]+;CCCCCCCCCCCCCCCCCCCCCCCC(O)C(N)CO;HIEGLQBXJKXOLA-UHFFFAOYNA-N;C26H55NO2",0,0,0,0,0,0,"1.68853888888889","1.98853888888889","7368","","MSDIAL_SPB 26:0;2O;[M+H]+;CCCCCCCCCCCCCCCCCCCCCCCC(O)C(N)CO;HIEGLQBXJKXOLA-UHFFFAOYNA-N;C26H55NO2",0,0,0,0,0,0,"1.68853888888889","1.98853888888889","7368","","MSDIAL_SPB 26:0;2O;[M+H]+;CCCCCCCCCCCCCCCCCCCCCCCC(O)C(N)CO;HIEGLQBXJKXOLA-UHFFFAOYNA-N;C26H55NO2","414.43056","366.4094","81.06988","95.08553","396.4200","378.4094","1.68853888888889","1.98853888888889","7368"
"","MSDIAL_SPB 26:0;2O;[M+H]+;CCCCCCCCCCCCCCCCCCCCCCCC(O)C(N)CO;HIEGLQBXJKXOLA-UHFFFAOYNA-N;C26H55NO2",0,0,0,0,0,0,"3.60777222222222","3.90777222222222","8254","","MSDIAL_SPB 26:0;2O;[M+H]+;CCCCCCCCCCCCCCCCCCCCCCCC(O)C(N)CO;HIEGLQBXJKXOLA-UHFFFAOYNA-N;C26H55NO2",0,0,0,0,0,0,"3.60777222222222","3.90777222222222","8254","","MSDIAL_SPB 26:0;2O;[M+H]+;CCCCCCCCCCCCCCCCCCCCCCCC(O)C(N)CO;HIEGLQBXJKXOLA-UHFFFAOYNA-N;C26H55NO2",0,0,0,0,0,0,"3.60777222222222","3.90777222222222","8254","","MSDIAL_SPB 26:0;2O;[M+H]+;CCCCCCCCCCCCCCCCCCCCCCCC(O)C(N)CO;HIEGLQBXJKXOLA-UHFFFAOYNA-N;C26H55NO2",0,0,0,0,0,0,"3.60777222222222","3.90777222222222","8254","","MSDIAL_SPB 26:0;2O;[M+H]+;CCCCCCCCCCCCCCCCCCCCCCCC(O)C(N)CO;HIEGLQBXJKXOLA-UHFFFAOYNA-N;C26H55NO2",0,0,0,0,0,0,"3.60777222222222","3.90777222222222","8254","","MSDIAL_SPB 26:0;2O;[M+H]+;CCCCCCCCCCCCCCCCCCCCCCCC(O)C(N)CO;HIEGLQBXJKXOLA-UHFFFAOYNA-N;C26H55NO2","414.43056","366.4094","81.06988","95.08553","396.4200","378.4094","3.60777222222222","3.90777222222222","8254"
"","MSDIAL_SPB 26:0;2O;[M+H]+;CCCCCCCCCCCCCCCCCCCCCCCC(O)C(N)CO;HIEGLQBXJKXOLA-UHFFFAOYNA-N;C26H55NO2",0,0,0,0,0,0,"4.92400416666667","5.22400416666667","13762","","MSDIAL_SPB 26:0;2O;[M+H]+;CCCCCCCCCCCCCCCCCCCCCCCC(O)C(N)CO;HIEGLQBXJKXOLA-UHFFFAOYNA-N;C26H55NO2",0,0,0,0,0,0,"4.92400416666667","5.22400416666667","13762","","MSDIAL_SPB 26:0;2O;[M+H]+;CCCCCCCCCCCCCCCCCCCCCCCC(O)C(N)CO;HIEGLQBXJKXOLA-UHFFFAOYNA-N;C26H55NO2",0,0,0,0,0,0,"4.92400416666667","5.22400416666667","13762","","MSDIAL_SPB 26:0;2O;[M+H]+;CCCCCCCCCCCCCCCCCCCCCCCC(O)C(N)CO;HIEGLQBXJKXOLA-UHFFFAOYNA-N;C26H55NO2",0,0,0,0,0,0,"4.92400416666667","5.22400416666667","13762","","MSDIAL_SPB 26:0;2O;[M+H]+;CCCCCCCCCCCCCCCCCCCCCCCC(O)C(N)CO;HIEGLQBXJKXOLA-UHFFFAOYNA-N;C26H55NO2",0,0,0,0,0,0,"4.92400416666667","5.22400416666667","13762","","MSDIAL_SPB 26:0;2O;[M+H]+;CCCCCCCCCCCCCCCCCCCCCCCC(O)C(N)CO;HIEGLQBXJKXOLA-UHFFFAOYNA-N;C26H55NO2","414.43056","366.4094","81.06988","95.08553","396.4200","378.4094","4.92400416666667","5.22400416666667","13762"
"","MSDIAL_SPB 26:0;2O;[M+H]+;CCCCCCCCCCCCCCCCCCCCCCCC(O)C(N)CO;HIEGLQBXJKXOLA-UHFFFAOYNA-N;C26H55NO2",0,0,0,0,0,0,"6.96173472222222","7.26173472222222","18442","","MSDIAL_SPB 26:0;2O;[M+H]+;CCCCCCCCCCCCCCCCCCCCCCCC(O)C(N)CO;HIEGLQBXJKXOLA-UHFFFAOYNA-N;C26H55NO2",0,0,0,0,0,0,"6.96173472222222","7.26173472222222","18442","","MSDIAL_SPB 26:0;2O;[M+H]+;CCCCCCCCCCCCCCCCCCCCCCCC(O)C(N)CO;HIEGLQBXJKXOLA-UHFFFAOYNA-N;C26H55NO2",0,0,0,0,0,0,"6.96173472222222","7.26173472222222","18442","","MSDIAL_SPB 26:0;2O;[M+H]+;CCCCCCCCCCCCCCCCCCCCCCCC(O)C(N)CO;HIEGLQBXJKXOLA-UHFFFAOYNA-N;C26H55NO2",0,0,0,0,0,0,"6.96173472222222","7.26173472222222","18442","","MSDIAL_SPB 26:0;2O;[M+H]+;CCCCCCCCCCCCCCCCCCCCCCCC(O)C(N)CO;HIEGLQBXJKXOLA-UHFFFAOYNA-N;C26H55NO2",0,0,0,0,0,0,"6.96173472222222","7.26173472222222","18442","","MSDIAL_SPB 26:0;2O;[M+H]+;CCCCCCCCCCCCCCCCCCCCCCCC(O)C(N)CO;HIEGLQBXJKXOLA-UHFFFAOYNA-N;C26H55NO2","414.43056","366.4094","81.06988","95.08553","396.4200","378.4094","6.96173472222222","7.26173472222222","18442"
"","MSDIAL_SPB 27:0;2O;[M+H]+;CCCCCCCCCCCCCCCCCCCCCCCCC(O)C(N)CO;UALTWWYZNKOQJB-UHFFFAOYNA-N;C27H57NO2",0,0,0,0,0,0,"8.07214861111111","8.37214861111111","3252","","MSDIAL_SPB 27:0;2O;[M+H]+;CCCCCCCCCCCCCCCCCCCCCCCCC(O)C(N)CO;UALTWWYZNKOQJB-UHFFFAOYNA-N;C27H57NO2",0,0,0,0,0,0,"8.07214861111111","8.37214861111111","3252","","MSDIAL_SPB 27:0;2O;[M+H]+;CCCCCCCCCCCCCCCCCCCCCCCCC(O)C(N)CO;UALTWWYZNKOQJB-UHFFFAOYNA-N;C27H57NO2",0,0,0,0,0,0,"8.07214861111111","8.37214861111111","3252","","MSDIAL_SPB 27:0;2O;[M+H]+;CCCCCCCCCCCCCCCCCCCCCCCCC(O)C(N)CO;UALTWWYZNKOQJB-UHFFFAOYNA-N;C27H57NO2",0,0,0,0,0,0,"8.07214861111111","8.37214861111111","3252","","MSDIAL_SPB 27:0;2O;[M+H]+;CCCCCCCCCCCCCCCCCCCCCCCCC(O)C(N)CO;UALTWWYZNKOQJB-UHFFFAOYNA-N;C27H57NO2",0,0,0,0,0,0,"8.07214861111111","8.37214861111111","3252","","MSDIAL_SPB 27:0;2O;[M+H]+;CCCCCCCCCCCCCCCCCCCCCCCCC(O)C(N)CO;UALTWWYZNKOQJB-UHFFFAOYNA-N;C27H57NO2","428.44621","380.4251","81.06988","95.08553","410.4356","392.4251","8.07214861111111","8.37214861111111","3252"
"","MSDIAL_SPB 27:0;2O;[M+H]+;CCCCCCCCCCCCCCCCCCCCCCCCC(O)C(N)CO;UALTWWYZNKOQJB-UHFFFAOYNA-N;C27H57NO2",1,0,0,1,1,0,"1.21341944444444","1.51341944444444","3609","","MSDIAL_SPB 27:0;2O;[M+H]+;CCCCCCCCCCCCCCCCCCCCCCCCC(O)C(N)CO;UALTWWYZNKOQJB-UHFFFAOYNA-N;C27H57NO2",1.297415,0,1.297415,1.297415,1.297415,0,"1.21341944444444","1.51341944444444","3609","","MSDIAL_SPB 27:0;2O;[M+H]+;CCCCCCCCCCCCCCCCCCCCCCCCC(O)C(N)CO;UALTWWYZNKOQJB-UHFFFAOYNA-N;C27H57NO2",1,0,1,1,1,0,"1.21341944444444","1.51341944444444","3609","","MSDIAL_SPB 27:0;2O;[M+H]+;CCCCCCCCCCCCCCCCCCCCCCCCC(O)C(N)CO;UALTWWYZNKOQJB-UHFFFAOYNA-N;C27H57NO2",39995.26,0,789.7372,1936.941,9952.42,0,"1.21341944444444","1.51341944444444","3609","","MSDIAL_SPB 27:0;2O;[M+H]+;CCCCCCCCCCCCCCCCCCCCCCCCC(O)C(N)CO;UALTWWYZNKOQJB-UHFFFAOYNA-N;C27H57NO2",428.4472,0,81.0701,95.08578,410.4367,0,"1.21341944444444","1.51341944444444","3609","","MSDIAL_SPB 27:0;2O;[M+H]+;CCCCCCCCCCCCCCCCCCCCCCCCC(O)C(N)CO;UALTWWYZNKOQJB-UHFFFAOYNA-N;C27H57NO2","428.44621","380.4251","81.06988","95.08553","410.4356","392.4251","1.21341944444444","1.51341944444444","3609"
"","MSDIAL_SPB 28:0;2O;[M+H]+;CCCCCCCCCCCCCCCCCCCCCCCCCC(O)C(N)CO;SKFQBOBQEYLVDX-UHFFFAOYNA-N;C28H59NO2",0,0,0,0,0,0,"7.49683055555556","7.79683055555556","1300","","MSDIAL_SPB 28:0;2O;[M+H]+;CCCCCCCCCCCCCCCCCCCCCCCCCC(O)C(N)CO;SKFQBOBQEYLVDX-UHFFFAOYNA-N;C28H59NO2",0,0,0,0,0,0,"7.49683055555556","7.79683055555556","1300","","MSDIAL_SPB 28:0;2O;[M+H]+;CCCCCCCCCCCCCCCCCCCCCCCCCC(O)C(N)CO;SKFQBOBQEYLVDX-UHFFFAOYNA-N;C28H59NO2",0,0,0,0,0,0,"7.49683055555556","7.79683055555556","1300","","MSDIAL_SPB 28:0;2O;[M+H]+;CCCCCCCCCCCCCCCCCCCCCCCCCC(O)C(N)CO;SKFQBOBQEYLVDX-UHFFFAOYNA-N;C28H59NO2",0,0,0,0,0,0,"7.49683055555556","7.79683055555556","1300","","MSDIAL_SPB 28:0;2O;[M+H]+;CCCCCCCCCCCCCCCCCCCCCCCCCC(O)C(N)CO;SKFQBOBQEYLVDX-UHFFFAOYNA-N;C28H59NO2",0,0,0,0,0,0,"7.49683055555556","7.79683055555556","1300","","MSDIAL_SPB 28:0;2O;[M+H]+;CCCCCCCCCCCCCCCCCCCCCCCCCC(O)C(N)CO;SKFQBOBQEYLVDX-UHFFFAOYNA-N;C28H59NO2","442.46186","394.4407","81.06988","95.08553","424.4513","406.4407","7.49683055555556","7.79683055555556","1300"
"","MSDIAL_SPB 28:0;2O;[M+H]+;CCCCCCCCCCCCCCCCCCCCCCCCCC(O)C(N)CO;SKFQBOBQEYLVDX-UHFFFAOYNA-N;C28H59NO2",0,0,0,0,0,0,"2.45728472222222","2.75728472222222","4153","","MSDIAL_SPB 28:0;2O;[M+H]+;CCCCCCCCCCCCCCCCCCCCCCCCCC(O)C(N)CO;SKFQBOBQEYLVDX-UHFFFAOYNA-N;C28H59NO2",0,0,0,0,0,0,"2.45728472222222","2.75728472222222","4153","","MSDIAL_SPB 28:0;2O;[M+H]+;CCCCCCCCCCCCCCCCCCCCCCCCCC(O)C(N)CO;SKFQBOBQEYLVDX-UHFFFAOYNA-N;C28H59NO2",0,0,0,0,0,0,"2.45728472222222","2.75728472222222","4153","","MSDIAL_SPB 28:0;2O;[M+H]+;CCCCCCCCCCCCCCCCCCCCCCCCCC(O)C(N)CO;SKFQBOBQEYLVDX-UHFFFAOYNA-N;C28H59NO2",0,0,0,0,0,0,"2.45728472222222","2.75728472222222","4153","","MSDIAL_SPB 28:0;2O;[M+H]+;CCCCCCCCCCCCCCCCCCCCCCCCCC(O)C(N)CO;SKFQBOBQEYLVDX-UHFFFAOYNA-N;C28H59NO2",0,0,0,0,0,0,"2.45728472222222","2.75728472222222","4153","","MSDIAL_SPB 28:0;2O;[M+H]+;CCCCCCCCCCCCCCCCCCCCCCCCCC(O)C(N)CO;SKFQBOBQEYLVDX-UHFFFAOYNA-N;C28H59NO2","442.46186","394.4407","81.06988","95.08553","424.4513","406.4407","2.45728472222222","2.75728472222222","4153"
"","MSDIAL_SPB 28:0;2O;[M+H]+;CCCCCCCCCCCCCCCCCCCCCCCCCC(O)C(N)CO;SKFQBOBQEYLVDX-UHFFFAOYNA-N;C28H59NO2",0,0,0,0,0,0,"7.68209444444445","7.98209444444445","6126","","MSDIAL_SPB 28:0;2O;[M+H]+;CCCCCCCCCCCCCCCCCCCCCCCCCC(O)C(N)CO;SKFQBOBQEYLVDX-UHFFFAOYNA-N;C28H59NO2",0,0,0,0,0,0,"7.68209444444445","7.98209444444445","6126","","MSDIAL_SPB 28:0;2O;[M+H]+;CCCCCCCCCCCCCCCCCCCCCCCCCC(O)C(N)CO;SKFQBOBQEYLVDX-UHFFFAOYNA-N;C28H59NO2",0,0,0,0,0,0,"7.68209444444445","7.98209444444445","6126","","MSDIAL_SPB 28:0;2O;[M+H]+;CCCCCCCCCCCCCCCCCCCCCCCCCC(O)C(N)CO;SKFQBOBQEYLVDX-UHFFFAOYNA-N;C28H59NO2",0,0,0,0,0,0,"7.68209444444445","7.98209444444445","6126","","MSDIAL_SPB 28:0;2O;[M+H]+;CCCCCCCCCCCCCCCCCCCCCCCCCC(O)C(N)CO;SKFQBOBQEYLVDX-UHFFFAOYNA-N;C28H59NO2",0,0,0,0,0,0,"7.68209444444445","7.98209444444445","6126","","MSDIAL_SPB 28:0;2O;[M+H]+;CCCCCCCCCCCCCCCCCCCCCCCCCC(O)C(N)CO;SKFQBOBQEYLVDX-UHFFFAOYNA-N;C28H59NO2","442.46186","394.4407","81.06988","95.08553","424.4513","406.4407","7.68209444444445","7.98209444444445","6126"
"","MSDIAL_SPB 28:0;2O;[M+H]+;CCCCCCCCCCCCCCCCCCCCCCCCCC(O)C(N)CO;SKFQBOBQEYLVDX-UHFFFAOYNA-N;C28H59NO2",0,0,0,0,0,0,"5.00419722222222","5.30419722222222","6744","","MSDIAL_SPB 28:0;2O;[M+H]+;CCCCCCCCCCCCCCCCCCCCCCCCCC(O)C(N)CO;SKFQBOBQEYLVDX-UHFFFAOYNA-N;C28H59NO2",0,0,0,0,0,0,"5.00419722222222","5.30419722222222","6744","","MSDIAL_SPB 28:0;2O;[M+H]+;CCCCCCCCCCCCCCCCCCCCCCCCCC(O)C(N)CO;SKFQBOBQEYLVDX-UHFFFAOYNA-N;C28H59NO2",0,0,0,0,0,0,"5.00419722222222","5.30419722222222","6744","","MSDIAL_SPB 28:0;2O;[M+H]+;CCCCCCCCCCCCCCCCCCCCCCCCCC(O)C(N)CO;SKFQBOBQEYLVDX-UHFFFAOYNA-N;C28H59NO2",0,0,0,0,0,0,"5.00419722222222","5.30419722222222","6744","","MSDIAL_SPB 28:0;2O;[M+H]+;CCCCCCCCCCCCCCCCCCCCCCCCCC(O)C(N)CO;SKFQBOBQEYLVDX-UHFFFAOYNA-N;C28H59NO2",0,0,0,0,0,0,"5.00419722222222","5.30419722222222","6744","","MSDIAL_SPB 28:0;2O;[M+H]+;CCCCCCCCCCCCCCCCCCCCCCCCCC(O)C(N)CO;SKFQBOBQEYLVDX-UHFFFAOYNA-N;C28H59NO2","442.46186","394.4407","81.06988","95.08553","424.4513","406.4407","5.00419722222222","5.30419722222222","6744"
"","MSDIAL_SPB 29:0;2O;[M+H]+;CCCCCCCCCCCCCCCCCCCCCCCCCCC(O)C(N)CO;RUJYUBNLVWCDGZ-UHFFFAOYNA-N;C29H61NO2",1,0,0,0,0,0,"9.31569305555555","9.61569305555555","1137","","MSDIAL_SPB 29:0;2O;[M+H]+;CCCCCCCCCCCCCCCCCCCCCCCCCCC(O)C(N)CO;RUJYUBNLVWCDGZ-UHFFFAOYNA-N;C29H61NO2",9.458241,0,0,0,0,0,"9.31569305555555","9.61569305555555","1137","","MSDIAL_SPB 29:0;2O;[M+H]+;CCCCCCCCCCCCCCCCCCCCCCCCCCC(O)C(N)CO;RUJYUBNLVWCDGZ-UHFFFAOYNA-N;C29H61NO2",1,0,0,0,0,0,"9.31569305555555","9.61569305555555","1137","","MSDIAL_SPB 29:0;2O;[M+H]+;CCCCCCCCCCCCCCCCCCCCCCCCCCC(O)C(N)CO;RUJYUBNLVWCDGZ-UHFFFAOYNA-N;C29H61NO2",175747.3,0,0,0,0,0,"9.31569305555555","9.61569305555555","1137","","MSDIAL_SPB 29:0;2O;[M+H]+;CCCCCCCCCCCCCCCCCCCCCCCCCCC(O)C(N)CO;RUJYUBNLVWCDGZ-UHFFFAOYNA-N;C29H61NO2",456.4787,0,0,0,0,0,"9.31569305555555","9.61569305555555","1137","","MSDIAL_SPB 29:0;2O;[M+H]+;CCCCCCCCCCCCCCCCCCCCCCCCCCC(O)C(N)CO;RUJYUBNLVWCDGZ-UHFFFAOYNA-N;C29H61NO2","456.47751","408.4564","81.06988","95.08553","438.4669","420.4564","9.31569305555555","9.61569305555555","1137"
"","MSDIAL_SPB 29:0;2O;[M+H]+;CCCCCCCCCCCCCCCCCCCCCCCCCCC(O)C(N)CO;RUJYUBNLVWCDGZ-UHFFFAOYNA-N;C29H61NO2",0,0,0,0,0,0,"8.98645555555556","9.28645555555556","4456","","MSDIAL_SPB 29:0;2O;[M+H]+;CCCCCCCCCCCCCCCCCCCCCCCCCCC(O)C(N)CO;RUJYUBNLVWCDGZ-UHFFFAOYNA-N;C29H61NO2",0,0,0,0,0,0,"8.98645555555556","9.28645555555556","4456","","MSDIAL_SPB 29:0;2O;[M+H]+;CCCCCCCCCCCCCCCCCCCCCCCCCCC(O)C(N)CO;RUJYUBNLVWCDGZ-UHFFFAOYNA-N;C29H61NO2",0,0,0,0,0,0,"8.98645555555556","9.28645555555556","4456","","MSDIAL_SPB 29:0;2O;[M+H]+;CCCCCCCCCCCCCCCCCCCCCCCCCCC(O)C(N)CO;RUJYUBNLVWCDGZ-UHFFFAOYNA-N;C29H61NO2",0,0,0,0,0,0,"8.98645555555556","9.28645555555556","4456","","MSDIAL_SPB 29:0;2O;[M+H]+;CCCCCCCCCCCCCCCCCCCCCCCCCCC(O)C(N)CO;RUJYUBNLVWCDGZ-UHFFFAOYNA-N;C29H61NO2",0,0,0,0,0,0,"8.98645555555556","9.28645555555556","4456","","MSDIAL_SPB 29:0;2O;[M+H]+;CCCCCCCCCCCCCCCCCCCCCCCCCCC(O)C(N)CO;RUJYUBNLVWCDGZ-UHFFFAOYNA-N;C29H61NO2","456.47751","408.4564","81.06988","95.08553","438.4669","420.4564","8.98645555555556","9.28645555555556","4456"
"","MSDIAL_SPB 29:0;2O;[M+H]+;CCCCCCCCCCCCCCCCCCCCCCCCCCC(O)C(N)CO;RUJYUBNLVWCDGZ-UHFFFAOYNA-N;C29H61NO2",0,0,0,0,0,0,"1.78904722222222","2.08904722222222","7703","","MSDIAL_SPB 29:0;2O;[M+H]+;CCCCCCCCCCCCCCCCCCCCCCCCCCC(O)C(N)CO;RUJYUBNLVWCDGZ-UHFFFAOYNA-N;C29H61NO2",0,0,0,0,0,0,"1.78904722222222","2.08904722222222","7703","","MSDIAL_SPB 29:0;2O;[M+H]+;CCCCCCCCCCCCCCCCCCCCCCCCCCC(O)C(N)CO;RUJYUBNLVWCDGZ-UHFFFAOYNA-N;C29H61NO2",0,0,0,0,0,0,"1.78904722222222","2.08904722222222","7703","","MSDIAL_SPB 29:0;2O;[M+H]+;CCCCCCCCCCCCCCCCCCCCCCCCCCC(O)C(N)CO;RUJYUBNLVWCDGZ-UHFFFAOYNA-N;C29H61NO2",0,0,0,0,0,0,"1.78904722222222","2.08904722222222","7703","","MSDIAL_SPB 29:0;2O;[M+H]+;CCCCCCCCCCCCCCCCCCCCCCCCCCC(O)C(N)CO;RUJYUBNLVWCDGZ-UHFFFAOYNA-N;C29H61NO2",0,0,0,0,0,0,"1.78904722222222","2.08904722222222","7703","","MSDIAL_SPB 29:0;2O;[M+H]+;CCCCCCCCCCCCCCCCCCCCCCCCCCC(O)C(N)CO;RUJYUBNLVWCDGZ-UHFFFAOYNA-N;C29H61NO2","456.47751","408.4564","81.06988","95.08553","438.4669","420.4564","1.78904722222222","2.08904722222222","7703"
"","MSDIAL_SPB 29:0;2O;[M+H]+;CCCCCCCCCCCCCCCCCCCCCCCCCCC(O)C(N)CO;RUJYUBNLVWCDGZ-UHFFFAOYNA-N;C29H61NO2",0,0,0,0,0,0,"8.1318875","8.4318875","16213","","MSDIAL_SPB 29:0;2O;[M+H]+;CCCCCCCCCCCCCCCCCCCCCCCCCCC(O)C(N)CO;RUJYUBNLVWCDGZ-UHFFFAOYNA-N;C29H61NO2",0,0,0,0,0,0,"8.1318875","8.4318875","16213","","MSDIAL_SPB 29:0;2O;[M+H]+;CCCCCCCCCCCCCCCCCCCCCCCCCCC(O)C(N)CO;RUJYUBNLVWCDGZ-UHFFFAOYNA-N;C29H61NO2",0,0,0,0,0,0,"8.1318875","8.4318875","16213","","MSDIAL_SPB 29:0;2O;[M+H]+;CCCCCCCCCCCCCCCCCCCCCCCCCCC(O)C(N)CO;RUJYUBNLVWCDGZ-UHFFFAOYNA-N;C29H61NO2",0,0,0,0,0,0,"8.1318875","8.4318875","16213","","MSDIAL_SPB 29:0;2O;[M+H]+;CCCCCCCCCCCCCCCCCCCCCCCCCCC(O)C(N)CO;RUJYUBNLVWCDGZ-UHFFFAOYNA-N;C29H61NO2",0,0,0,0,0,0,"8.1318875","8.4318875","16213","","MSDIAL_SPB 29:0;2O;[M+H]+;CCCCCCCCCCCCCCCCCCCCCCCCCCC(O)C(N)CO;RUJYUBNLVWCDGZ-UHFFFAOYNA-N;C29H61NO2","456.47751","408.4564","81.06988","95.08553","438.4669","420.4564","8.1318875","8.4318875","16213"
"","MSDIAL_SPB 30:0;2O;[M+H]+;CCCCCCCCCCCCCCCCCCCCCCCCCCCC(O)C(N)CO;HLXGXAZOHVETCC-UHFFFAOYNA-N;C30H63NO2",0,0,0,0,0,0,"8.75371388888889","9.05371388888889","7402","","MSDIAL_SPB 30:0;2O;[M+H]+;CCCCCCCCCCCCCCCCCCCCCCCCCCCC(O)C(N)CO;HLXGXAZOHVETCC-UHFFFAOYNA-N;C30H63NO2",0,0,0,0,0,0,"8.75371388888889","9.05371388888889","7402","","MSDIAL_SPB 30:0;2O;[M+H]+;CCCCCCCCCCCCCCCCCCCCCCCCCCCC(O)C(N)CO;HLXGXAZOHVETCC-UHFFFAOYNA-N;C30H63NO2",0,0,0,0,0,0,"8.75371388888889","9.05371388888889","7402","","MSDIAL_SPB 30:0;2O;[M+H]+;CCCCCCCCCCCCCCCCCCCCCCCCCCCC(O)C(N)CO;HLXGXAZOHVETCC-UHFFFAOYNA-N;C30H63NO2",0,0,0,0,0,0,"8.75371388888889","9.05371388888889","7402","","MSDIAL_SPB 30:0;2O;[M+H]+;CCCCCCCCCCCCCCCCCCCCCCCCCCCC(O)C(N)CO;HLXGXAZOHVETCC-UHFFFAOYNA-N;C30H63NO2",0,0,0,0,0,0,"8.75371388888889","9.05371388888889","7402","","MSDIAL_SPB 30:0;2O;[M+H]+;CCCCCCCCCCCCCCCCCCCCCCCCCCCC(O)C(N)CO;HLXGXAZOHVETCC-UHFFFAOYNA-N;C30H63NO2","470.49316","422.4720","81.06988","95.08553","452.4826","434.4720","8.75371388888889","9.05371388888889","7402"
"","MSDIAL_SPB 30:0;2O;[M+H]+;CCCCCCCCCCCCCCCCCCCCCCCCCCCC(O)C(N)CO;HLXGXAZOHVETCC-UHFFFAOYNA-N;C30H63NO2",0,0,0,0,0,0,"10.1124333333333","10.4124333333333","12509","","MSDIAL_SPB 30:0;2O;[M+H]+;CCCCCCCCCCCCCCCCCCCCCCCCCCCC(O)C(N)CO;HLXGXAZOHVETCC-UHFFFAOYNA-N;C30H63NO2",0,0,0,0,0,0,"10.1124333333333","10.4124333333333","12509","","MSDIAL_SPB 30:0;2O;[M+H]+;CCCCCCCCCCCCCCCCCCCCCCCCCCCC(O)C(N)CO;HLXGXAZOHVETCC-UHFFFAOYNA-N;C30H63NO2",0,0,0,0,0,0,"10.1124333333333","10.4124333333333","12509","","MSDIAL_SPB 30:0;2O;[M+H]+;CCCCCCCCCCCCCCCCCCCCCCCCCCCC(O)C(N)CO;HLXGXAZOHVETCC-UHFFFAOYNA-N;C30H63NO2",0,0,0,0,0,0,"10.1124333333333","10.4124333333333","12509","","MSDIAL_SPB 30:0;2O;[M+H]+;CCCCCCCCCCCCCCCCCCCCCCCCCCCC(O)C(N)CO;HLXGXAZOHVETCC-UHFFFAOYNA-N;C30H63NO2",0,0,0,0,0,0,"10.1124333333333","10.4124333333333","12509","","MSDIAL_SPB 30:0;2O;[M+H]+;CCCCCCCCCCCCCCCCCCCCCCCCCCCC(O)C(N)CO;HLXGXAZOHVETCC-UHFFFAOYNA-N;C30H63NO2","470.49316","422.4720","81.06988","95.08553","452.4826","434.4720","10.1124333333333","10.4124333333333","12509"
