"Confirmed fragments if intensity is above 1000 and number of scans is greater than or equal to 1","MSDIAL_ADGGA","[M+NH4]+","1","2","3","4","5","6","RT_min","RT_max","Comment","RT at Max Intensity","MSDIAL_ADGGA","[M+NH4]+","1","2","3","4","5","6","RT_min","RT_max","Comment","Number of Scans","MSDIAL_ADGGA","[M+NH4]+","1","2","3","4","5","6","RT_min","RT_max","Comment","Max Intensity","MSDIAL_ADGGA","[M+NH4]+","1","2","3","4","5","6","RT_min","RT_max","Comment","Average m/z","MSDIAL_ADGGA","[M+NH4]+","1","2","3","4","5","6","RT_min","RT_max","Comment","Theoretical, Library Parent Hits","MSDIAL_ADGGA","[M+NH4]+","1","2","3","4","5","6","RT_min","RT_max","Comment"
"","MSDIAL_ADGGA 18:0_12:0_12:0;[M+NH4]+;CCCCCCCCCCCCCCCCCC(=O)OC1C(O)C(O)C(OC1OCC(COC(=O)CCCCCCCCCCC)OC(=O)CCCCCCCCCCC)C(O)=O;DDJUZLBXKDEPTJ-UHFFFAOYNA-N;C51H94O12",0,0,0,0,0,0,0,"10.6625388888889","10.9625388888889","13652","","MSDIAL_ADGGA 18:0_12:0_12:0;[M+NH4]+;CCCCCCCCCCCCCCCCCC(=O)OC1C(O)C(O)C(OC1OCC(COC(=O)CCCCCCCCCCC)OC(=O)CCCCCCCCCCC)C(O)=O;DDJUZLBXKDEPTJ-UHFFFAOYNA-N;C51H94O12",0,0,0,0,0,0,0,"10.6625388888889","10.9625388888889","13652","","MSDIAL_ADGGA 18:0_12:0_12:0;[M+NH4]+;CCCCCCCCCCCCCCCCCC(=O)OC1C(O)C(O)C(OC1OCC(COC(=O)CCCCCCCCCCC)OC(=O)CCCCCCCCCCC)C(O)=O;DDJUZLBXKDEPTJ-UHFFFAOYNA-N;C51H94O12",0,0,0,0,0,0,0,"10.6625388888889","10.9625388888889","13652","","MSDIAL_ADGGA 18:0_12:0_12:0;[M+NH4]+;CCCCCCCCCCCCCCCCCC(=O)OC1C(O)C(O)C(OC1OCC(COC(=O)CCCCCCCCCCC)OC(=O)CCCCCCCCCCC)C(O)=O;DDJUZLBXKDEPTJ-UHFFFAOYNA-N;C51H94O12",0,0,0,0,0,0,0,"10.6625388888889","10.9625388888889","13652","","MSDIAL_ADGGA 18:0_12:0_12:0;[M+NH4]+;CCCCCCCCCCCCCCCCCC(=O)OC1C(O)C(O)C(OC1OCC(COC(=O)CCCCCCCCCCC)OC(=O)CCCCCCCCCCC)C(O)=O;DDJUZLBXKDEPTJ-UHFFFAOYNA-N;C51H94O12",0,0,0,0,0,0,0,"10.6625388888889","10.9625388888889","13652","","MSDIAL_ADGGA 18:0_12:0_12:0;[M+NH4]+;CCCCCCCCCCCCCCCCCC(=O)OC1C(O)C(O)C(OC1OCC(COC(=O)CCCCCCCCCCC)OC(=O)CCCCCCCCCCC)C(O)=O;DDJUZLBXKDEPTJ-UHFFFAOYNA-N;C51H94O12","916.70835","443.3003","257.2112","267.2693","916.7084","439.3782","  1.0000","10.6625388888889","10.9625388888889","13652"
"","MSDIAL_ADGGA 20:0_12:0_12:0;[M+NH4]+;CCCCCCCCCCCCCCCCCCCC(=O)OC1C(O)C(O)C(OC1OCC(COC(=O)CCCCCCCCCCC)OC(=O)CCCCCCCCCCC)C(O)=O;DRUUXOFJKKXVSE-UHFFFAOYNA-N;C53H98O12",0,0,0,0,0,0,0,"11.23642","11.53642","18528","","MSDIAL_ADGGA 20:0_12:0_12:0;[M+NH4]+;CCCCCCCCCCCCCCCCCCCC(=O)OC1C(O)C(O)C(OC1OCC(COC(=O)CCCCCCCCCCC)OC(=O)CCCCCCCCCCC)C(O)=O;DRUUXOFJKKXVSE-UHFFFAOYNA-N;C53H98O12",0,0,0,0,0,0,0,"11.23642","11.53642","18528","","MSDIAL_ADGGA 20:0_12:0_12:0;[M+NH4]+;CCCCCCCCCCCCCCCCCCCC(=O)OC1C(O)C(O)C(OC1OCC(COC(=O)CCCCCCCCCCC)OC(=O)CCCCCCCCCCC)C(O)=O;DRUUXOFJKKXVSE-UHFFFAOYNA-N;C53H98O12",0,0,0,0,0,0,0,"11.23642","11.53642","18528","","MSDIAL_ADGGA 20:0_12:0_12:0;[M+NH4]+;CCCCCCCCCCCCCCCCCCCC(=O)OC1C(O)C(O)C(OC1OCC(COC(=O)CCCCCCCCCCC)OC(=O)CCCCCCCCCCC)C(O)=O;DRUUXOFJKKXVSE-UHFFFAOYNA-N;C53H98O12",0,0,0,0,0,0,0,"11.23642","11.53642","18528","","MSDIAL_ADGGA 20:0_12:0_12:0;[M+NH4]+;CCCCCCCCCCCCCCCCCCCC(=O)OC1C(O)C(O)C(OC1OCC(COC(=O)CCCCCCCCCCC)OC(=O)CCCCCCCCCCC)C(O)=O;DRUUXOFJKKXVSE-UHFFFAOYNA-N;C53H98O12",0,0,0,0,0,0,0,"11.23642","11.53642","18528","","MSDIAL_ADGGA 20:0_12:0_12:0;[M+NH4]+;CCCCCCCCCCCCCCCCCCCC(=O)OC1C(O)C(O)C(OC1OCC(COC(=O)CCCCCCCCCCC)OC(=O)CCCCCCCCCCC)C(O)=O;DRUUXOFJKKXVSE-UHFFFAOYNA-N;C53H98O12","944.73965","471.3316","257.2112","295.3006","944.7396","439.3782","  1.0000","11.23642","11.53642","18528"
"","MSDIAL_ADGGA 20:1_12:0_12:0;[M+NH4]+;CCCCCCCCCCCC(=O)OCC(COC1OC(C(O)C(O)C1OC(=O)CCCCCCCCC\C=C/CCCCCCCC)C(O)=O)OC(=O)CCCCCCCCCCC;LIVKYUPRUUPGBN-DQRAZIAONA-N;C53H96O12",0,0,0,0,0,0,0,"10.9828902777778","11.2828902777778","18589","","MSDIAL_ADGGA 20:1_12:0_12:0;[M+NH4]+;CCCCCCCCCCCC(=O)OCC(COC1OC(C(O)C(O)C1OC(=O)CCCCCCCCC\C=C/CCCCCCCC)C(O)=O)OC(=O)CCCCCCCCCCC;LIVKYUPRUUPGBN-DQRAZIAONA-N;C53H96O12",0,0,0,0,0,0,0,"10.9828902777778","11.2828902777778","18589","","MSDIAL_ADGGA 20:1_12:0_12:0;[M+NH4]+;CCCCCCCCCCCC(=O)OCC(COC1OC(C(O)C(O)C1OC(=O)CCCCCCCCC\C=C/CCCCCCCC)C(O)=O)OC(=O)CCCCCCCCCCC;LIVKYUPRUUPGBN-DQRAZIAONA-N;C53H96O12",0,0,0,0,0,0,0,"10.9828902777778","11.2828902777778","18589","","MSDIAL_ADGGA 20:1_12:0_12:0;[M+NH4]+;CCCCCCCCCCCC(=O)OCC(COC1OC(C(O)C(O)C1OC(=O)CCCCCCCCC\C=C/CCCCCCCC)C(O)=O)OC(=O)CCCCCCCCCCC;LIVKYUPRUUPGBN-DQRAZIAONA-N;C53H96O12",0,0,0,0,0,0,0,"10.9828902777778","11.2828902777778","18589","","MSDIAL_ADGGA 20:1_12:0_12:0;[M+NH4]+;CCCCCCCCCCCC(=O)OCC(COC1OC(C(O)C(O)C1OC(=O)CCCCCCCCC\C=C/CCCCCCCC)C(O)=O)OC(=O)CCCCCCCCCCC;LIVKYUPRUUPGBN-DQRAZIAONA-N;C53H96O12",0,0,0,0,0,0,0,"10.9828902777778","11.2828902777778","18589","","MSDIAL_ADGGA 20:1_12:0_12:0;[M+NH4]+;CCCCCCCCCCCC(=O)OCC(COC1OC(C(O)C(O)C1OC(=O)CCCCCCCCC\C=C/CCCCCCCC)C(O)=O)OC(=O)CCCCCCCCCCC;LIVKYUPRUUPGBN-DQRAZIAONA-N;C53H96O12","942.72400","469.3160","257.2112","293.2850","942.7240","439.3782","  1.0000","10.9828902777778","11.2828902777778","18589"
"","MSDIAL_ADGGA 16:0_12:0_14:0;[M+NH4]+;CCCCCCCCCCCCCCCC(=O)OC1C(O)C(O)C(OC1OCC(COC(=O)CCCCCCCCCCCCC)OC(=O)CCCCCCCCCCC)C(O)=O;JICYXLQXOKUVAC-UHFFFAOYNA-N;C51H94O12",0,0,0,0,0,0,0,"10.6625388888889","10.9625388888889","13652","","MSDIAL_ADGGA 16:0_12:0_14:0;[M+NH4]+;CCCCCCCCCCCCCCCC(=O)OC1C(O)C(O)C(OC1OCC(COC(=O)CCCCCCCCCCCCC)OC(=O)CCCCCCCCCCC)C(O)=O;JICYXLQXOKUVAC-UHFFFAOYNA-N;C51H94O12",0,0,0,0,0,0,0,"10.6625388888889","10.9625388888889","13652","","MSDIAL_ADGGA 16:0_12:0_14:0;[M+NH4]+;CCCCCCCCCCCCCCCC(=O)OC1C(O)C(O)C(OC1OCC(COC(=O)CCCCCCCCCCCCC)OC(=O)CCCCCCCCCCC)C(O)=O;JICYXLQXOKUVAC-UHFFFAOYNA-N;C51H94O12",0,0,0,0,0,0,0,"10.6625388888889","10.9625388888889","13652","","MSDIAL_ADGGA 16:0_12:0_14:0;[M+NH4]+;CCCCCCCCCCCCCCCC(=O)OC1C(O)C(O)C(OC1OCC(COC(=O)CCCCCCCCCCCCC)OC(=O)CCCCCCCCCCC)C(O)=O;JICYXLQXOKUVAC-UHFFFAOYNA-N;C51H94O12",0,0,0,0,0,0,0,"10.6625388888889","10.9625388888889","13652","","MSDIAL_ADGGA 16:0_12:0_14:0;[M+NH4]+;CCCCCCCCCCCCCCCC(=O)OC1C(O)C(O)C(OC1OCC(COC(=O)CCCCCCCCCCCCC)OC(=O)CCCCCCCCCCC)C(O)=O;JICYXLQXOKUVAC-UHFFFAOYNA-N;C51H94O12",0,0,0,0,0,0,0,"10.6625388888889","10.9625388888889","13652","","MSDIAL_ADGGA 16:0_12:0_14:0;[M+NH4]+;CCCCCCCCCCCCCCCC(=O)OC1C(O)C(O)C(OC1OCC(COC(=O)CCCCCCCCCCCCC)OC(=O)CCCCCCCCCCC)C(O)=O;JICYXLQXOKUVAC-UHFFFAOYNA-N;C51H94O12","916.70835","415.2690","239.2380","257.2112","285.2424","916.7084","467.4095","10.6625388888889","10.9625388888889","13652"
"","MSDIAL_ADGGA 18:0_12:0_14:0;[M+NH4]+;CCCCCCCCCCCCCCCCCC(=O)OC1C(O)C(O)C(OC1OCC(COC(=O)CCCCCCCCCCCCC)OC(=O)CCCCCCCCCCC)C(O)=O;FLLQTULTUOOPRJ-UHFFFAOYNA-N;C53H98O12",0,0,0,0,0,0,0,"11.23642","11.53642","18528","","MSDIAL_ADGGA 18:0_12:0_14:0;[M+NH4]+;CCCCCCCCCCCCCCCCCC(=O)OC1C(O)C(O)C(OC1OCC(COC(=O)CCCCCCCCCCCCC)OC(=O)CCCCCCCCCCC)C(O)=O;FLLQTULTUOOPRJ-UHFFFAOYNA-N;C53H98O12",0,0,0,0,0,0,0,"11.23642","11.53642","18528","","MSDIAL_ADGGA 18:0_12:0_14:0;[M+NH4]+;CCCCCCCCCCCCCCCCCC(=O)OC1C(O)C(O)C(OC1OCC(COC(=O)CCCCCCCCCCCCC)OC(=O)CCCCCCCCCCC)C(O)=O;FLLQTULTUOOPRJ-UHFFFAOYNA-N;C53H98O12",0,0,0,0,0,0,0,"11.23642","11.53642","18528","","MSDIAL_ADGGA 18:0_12:0_14:0;[M+NH4]+;CCCCCCCCCCCCCCCCCC(=O)OC1C(O)C(O)C(OC1OCC(COC(=O)CCCCCCCCCCCCC)OC(=O)CCCCCCCCCCC)C(O)=O;FLLQTULTUOOPRJ-UHFFFAOYNA-N;C53H98O12",0,0,0,0,0,0,0,"11.23642","11.53642","18528","","MSDIAL_ADGGA 18:0_12:0_14:0;[M+NH4]+;CCCCCCCCCCCCCCCCCC(=O)OC1C(O)C(O)C(OC1OCC(COC(=O)CCCCCCCCCCCCC)OC(=O)CCCCCCCCCCC)C(O)=O;FLLQTULTUOOPRJ-UHFFFAOYNA-N;C53H98O12",0,0,0,0,0,0,0,"11.23642","11.53642","18528","","MSDIAL_ADGGA 18:0_12:0_14:0;[M+NH4]+;CCCCCCCCCCCCCCCCCC(=O)OC1C(O)C(O)C(OC1OCC(COC(=O)CCCCCCCCCCCCC)OC(=O)CCCCCCCCCCC)C(O)=O;FLLQTULTUOOPRJ-UHFFFAOYNA-N;C53H98O12","944.73965","443.3003","267.2693","257.2112","285.2424","944.7396","467.4095","11.23642","11.53642","18528"
"","MSDIAL_ADGGA 18:1_12:0_14:0;[M+NH4]+;CCCCCCCCCCCCCC(=O)OCC(COC1OC(C(O)C(O)C1OC(=O)CCCCCCC\C=C/CCCCCCCC)C(O)=O)OC(=O)CCCCCCCCCCC;FGPZGLBNHGTSNM-FCQUAONHNA-N;C53H96O12",0,0,0,0,0,0,0,"10.9828902777778","11.2828902777778","18589","","MSDIAL_ADGGA 18:1_12:0_14:0;[M+NH4]+;CCCCCCCCCCCCCC(=O)OCC(COC1OC(C(O)C(O)C1OC(=O)CCCCCCC\C=C/CCCCCCCC)C(O)=O)OC(=O)CCCCCCCCCCC;FGPZGLBNHGTSNM-FCQUAONHNA-N;C53H96O12",0,0,0,0,0,0,0,"10.9828902777778","11.2828902777778","18589","","MSDIAL_ADGGA 18:1_12:0_14:0;[M+NH4]+;CCCCCCCCCCCCCC(=O)OCC(COC1OC(C(O)C(O)C1OC(=O)CCCCCCC\C=C/CCCCCCCC)C(O)=O)OC(=O)CCCCCCCCCCC;FGPZGLBNHGTSNM-FCQUAONHNA-N;C53H96O12",0,0,0,0,0,0,0,"10.9828902777778","11.2828902777778","18589","","MSDIAL_ADGGA 18:1_12:0_14:0;[M+NH4]+;CCCCCCCCCCCCCC(=O)OCC(COC1OC(C(O)C(O)C1OC(=O)CCCCCCC\C=C/CCCCCCCC)C(O)=O)OC(=O)CCCCCCCCCCC;FGPZGLBNHGTSNM-FCQUAONHNA-N;C53H96O12",0,0,0,0,0,0,0,"10.9828902777778","11.2828902777778","18589","","MSDIAL_ADGGA 18:1_12:0_14:0;[M+NH4]+;CCCCCCCCCCCCCC(=O)OCC(COC1OC(C(O)C(O)C1OC(=O)CCCCCCC\C=C/CCCCCCCC)C(O)=O)OC(=O)CCCCCCCCCCC;FGPZGLBNHGTSNM-FCQUAONHNA-N;C53H96O12",0,0,0,0,0,0,0,"10.9828902777778","11.2828902777778","18589","","MSDIAL_ADGGA 18:1_12:0_14:0;[M+NH4]+;CCCCCCCCCCCCCC(=O)OCC(COC1OC(C(O)C(O)C1OC(=O)CCCCCCC\C=C/CCCCCCCC)C(O)=O)OC(=O)CCCCCCCCCCC;FGPZGLBNHGTSNM-FCQUAONHNA-N;C53H96O12","942.72400","441.2847","265.2537","257.2112","285.2424","942.7240","467.4095","10.9828902777778","11.2828902777778","18589"
"","MSDIAL_ADGGA 22:1_12:0_14:0;[M+NH4]+;CCCCCCCCCCCCCC(=O)OCC(COC1OC(C(O)C(O)C1OC(=O)CCCCCCCCCCC\C=C/CCCCCCCC)C(O)=O)OC(=O)CCCCCCCCCCC;KFTKBIHBJZXFSV-FCQUAONHNA-N;C57H104O12",0,0,0,0,0,0,0,"14.6851348484848","14.9851348484848","13522","","MSDIAL_ADGGA 22:1_12:0_14:0;[M+NH4]+;CCCCCCCCCCCCCC(=O)OCC(COC1OC(C(O)C(O)C1OC(=O)CCCCCCCCCCC\C=C/CCCCCCCC)C(O)=O)OC(=O)CCCCCCCCCCC;KFTKBIHBJZXFSV-FCQUAONHNA-N;C57H104O12",0,0,0,0,0,0,0,"14.6851348484848","14.9851348484848","13522","","MSDIAL_ADGGA 22:1_12:0_14:0;[M+NH4]+;CCCCCCCCCCCCCC(=O)OCC(COC1OC(C(O)C(O)C1OC(=O)CCCCCCCCCCC\C=C/CCCCCCCC)C(O)=O)OC(=O)CCCCCCCCCCC;KFTKBIHBJZXFSV-FCQUAONHNA-N;C57H104O12",0,0,0,0,0,0,0,"14.6851348484848","14.9851348484848","13522","","MSDIAL_ADGGA 22:1_12:0_14:0;[M+NH4]+;CCCCCCCCCCCCCC(=O)OCC(COC1OC(C(O)C(O)C1OC(=O)CCCCCCCCCCC\C=C/CCCCCCCC)C(O)=O)OC(=O)CCCCCCCCCCC;KFTKBIHBJZXFSV-FCQUAONHNA-N;C57H104O12",0,0,0,0,0,0,0,"14.6851348484848","14.9851348484848","13522","","MSDIAL_ADGGA 22:1_12:0_14:0;[M+NH4]+;CCCCCCCCCCCCCC(=O)OCC(COC1OC(C(O)C(O)C1OC(=O)CCCCCCCCCCC\C=C/CCCCCCCC)C(O)=O)OC(=O)CCCCCCCCCCC;KFTKBIHBJZXFSV-FCQUAONHNA-N;C57H104O12",0,0,0,0,0,0,0,"14.6851348484848","14.9851348484848","13522","","MSDIAL_ADGGA 22:1_12:0_14:0;[M+NH4]+;CCCCCCCCCCCCCC(=O)OCC(COC1OC(C(O)C(O)C1OC(=O)CCCCCCCCCCC\C=C/CCCCCCCC)C(O)=O)OC(=O)CCCCCCCCCCC;KFTKBIHBJZXFSV-FCQUAONHNA-N;C57H104O12","998.78660","497.3473","321.3163","257.2112","285.2424","998.7866","467.4095","14.6851348484848","14.9851348484848","13522"
"","MSDIAL_ADGGA 18:0_12:0_14:1;[M+NH4]+;CCCCCCCCCCCCCCCCCC(=O)OC1C(OCC(COC(=O)CCCCCCC\C=C/CCCC)OC(=O)CCCCCCCCCCC)OC(C(O)C1O)C(O)=O;VTDJEEMALOVKTP-VKAVYKQENA-N;C53H96O12",0,0,0,0,0,0,0,"10.9828902777778","11.2828902777778","18589","","MSDIAL_ADGGA 18:0_12:0_14:1;[M+NH4]+;CCCCCCCCCCCCCCCCCC(=O)OC1C(OCC(COC(=O)CCCCCCC\C=C/CCCC)OC(=O)CCCCCCCCCCC)OC(C(O)C1O)C(O)=O;VTDJEEMALOVKTP-VKAVYKQENA-N;C53H96O12",0,0,0,0,0,0,0,"10.9828902777778","11.2828902777778","18589","","MSDIAL_ADGGA 18:0_12:0_14:1;[M+NH4]+;CCCCCCCCCCCCCCCCCC(=O)OC1C(OCC(COC(=O)CCCCCCC\C=C/CCCC)OC(=O)CCCCCCCCCCC)OC(C(O)C1O)C(O)=O;VTDJEEMALOVKTP-VKAVYKQENA-N;C53H96O12",0,0,0,0,0,0,0,"10.9828902777778","11.2828902777778","18589","","MSDIAL_ADGGA 18:0_12:0_14:1;[M+NH4]+;CCCCCCCCCCCCCCCCCC(=O)OC1C(OCC(COC(=O)CCCCCCC\C=C/CCCC)OC(=O)CCCCCCCCCCC)OC(C(O)C1O)C(O)=O;VTDJEEMALOVKTP-VKAVYKQENA-N;C53H96O12",0,0,0,0,0,0,0,"10.9828902777778","11.2828902777778","18589","","MSDIAL_ADGGA 18:0_12:0_14:1;[M+NH4]+;CCCCCCCCCCCCCCCCCC(=O)OC1C(OCC(COC(=O)CCCCCCC\C=C/CCCC)OC(=O)CCCCCCCCCCC)OC(C(O)C1O)C(O)=O;VTDJEEMALOVKTP-VKAVYKQENA-N;C53H96O12",0,0,0,0,0,0,0,"10.9828902777778","11.2828902777778","18589","","MSDIAL_ADGGA 18:0_12:0_14:1;[M+NH4]+;CCCCCCCCCCCCCCCCCC(=O)OC1C(OCC(COC(=O)CCCCCCC\C=C/CCCC)OC(=O)CCCCCCCCCCC)OC(C(O)C1O)C(O)=O;VTDJEEMALOVKTP-VKAVYKQENA-N;C53H96O12","942.72400","443.3003","267.2693","257.2112","283.2268","942.7240","465.3938","10.9828902777778","11.2828902777778","18589"
"","MSDIAL_ADGGA 22:0_12:0_14:1;[M+NH4]+;CCCCCCCCCCCCCCCCCCCCCC(=O)OC1C(OCC(COC(=O)CCCCCCC\C=C/CCCC)OC(=O)CCCCCCCCCCC)OC(C(O)C1O)C(O)=O;YXBVAZLSJYFCNW-VKAVYKQENA-N;C57H104O12",0,0,0,0,0,0,0,"14.6851348484848","14.9851348484848","13522","","MSDIAL_ADGGA 22:0_12:0_14:1;[M+NH4]+;CCCCCCCCCCCCCCCCCCCCCC(=O)OC1C(OCC(COC(=O)CCCCCCC\C=C/CCCC)OC(=O)CCCCCCCCCCC)OC(C(O)C1O)C(O)=O;YXBVAZLSJYFCNW-VKAVYKQENA-N;C57H104O12",0,0,0,0,0,0,0,"14.6851348484848","14.9851348484848","13522","","MSDIAL_ADGGA 22:0_12:0_14:1;[M+NH4]+;CCCCCCCCCCCCCCCCCCCCCC(=O)OC1C(OCC(COC(=O)CCCCCCC\C=C/CCCC)OC(=O)CCCCCCCCCCC)OC(C(O)C1O)C(O)=O;YXBVAZLSJYFCNW-VKAVYKQENA-N;C57H104O12",0,0,0,0,0,0,0,"14.6851348484848","14.9851348484848","13522","","MSDIAL_ADGGA 22:0_12:0_14:1;[M+NH4]+;CCCCCCCCCCCCCCCCCCCCCC(=O)OC1C(OCC(COC(=O)CCCCCCC\C=C/CCCC)OC(=O)CCCCCCCCCCC)OC(C(O)C1O)C(O)=O;YXBVAZLSJYFCNW-VKAVYKQENA-N;C57H104O12",0,0,0,0,0,0,0,"14.6851348484848","14.9851348484848","13522","","MSDIAL_ADGGA 22:0_12:0_14:1;[M+NH4]+;CCCCCCCCCCCCCCCCCCCCCC(=O)OC1C(OCC(COC(=O)CCCCCCC\C=C/CCCC)OC(=O)CCCCCCCCCCC)OC(C(O)C1O)C(O)=O;YXBVAZLSJYFCNW-VKAVYKQENA-N;C57H104O12",0,0,0,0,0,0,0,"14.6851348484848","14.9851348484848","13522","","MSDIAL_ADGGA 22:0_12:0_14:1;[M+NH4]+;CCCCCCCCCCCCCCCCCCCCCC(=O)OC1C(OCC(COC(=O)CCCCCCC\C=C/CCCC)OC(=O)CCCCCCCCCCC)OC(C(O)C1O)C(O)=O;YXBVAZLSJYFCNW-VKAVYKQENA-N;C57H104O12","998.78660","499.3629","323.3319","257.2112","283.2268","998.7866","465.3938","14.6851348484848","14.9851348484848","13522"
"","MSDIAL_ADGGA 14:0_12:0_16:0;[M+NH4]+;CCCCCCCCCCCCCCCC(=O)OCC(COC1OC(C(O)C(O)C1OC(=O)CCCCCCCCCCCCC)C(O)=O)OC(=O)CCCCCCCCCCC;GSTBKLWKQBFSNV-UHFFFAOYNA-N;C51H94O12",0,0,0,0,0,0,0,"10.6625388888889","10.9625388888889","13652","","MSDIAL_ADGGA 14:0_12:0_16:0;[M+NH4]+;CCCCCCCCCCCCCCCC(=O)OCC(COC1OC(C(O)C(O)C1OC(=O)CCCCCCCCCCCCC)C(O)=O)OC(=O)CCCCCCCCCCC;GSTBKLWKQBFSNV-UHFFFAOYNA-N;C51H94O12",0,0,0,0,0,0,0,"10.6625388888889","10.9625388888889","13652","","MSDIAL_ADGGA 14:0_12:0_16:0;[M+NH4]+;CCCCCCCCCCCCCCCC(=O)OCC(COC1OC(C(O)C(O)C1OC(=O)CCCCCCCCCCCCC)C(O)=O)OC(=O)CCCCCCCCCCC;GSTBKLWKQBFSNV-UHFFFAOYNA-N;C51H94O12",0,0,0,0,0,0,0,"10.6625388888889","10.9625388888889","13652","","MSDIAL_ADGGA 14:0_12:0_16:0;[M+NH4]+;CCCCCCCCCCCCCCCC(=O)OCC(COC1OC(C(O)C(O)C1OC(=O)CCCCCCCCCCCCC)C(O)=O)OC(=O)CCCCCCCCCCC;GSTBKLWKQBFSNV-UHFFFAOYNA-N;C51H94O12",0,0,0,0,0,0,0,"10.6625388888889","10.9625388888889","13652","","MSDIAL_ADGGA 14:0_12:0_16:0;[M+NH4]+;CCCCCCCCCCCCCCCC(=O)OCC(COC1OC(C(O)C(O)C1OC(=O)CCCCCCCCCCCCC)C(O)=O)OC(=O)CCCCCCCCCCC;GSTBKLWKQBFSNV-UHFFFAOYNA-N;C51H94O12",0,0,0,0,0,0,0,"10.6625388888889","10.9625388888889","13652","","MSDIAL_ADGGA 14:0_12:0_16:0;[M+NH4]+;CCCCCCCCCCCCCCCC(=O)OCC(COC1OC(C(O)C(O)C1OC(=O)CCCCCCCCCCCCC)C(O)=O)OC(=O)CCCCCCCCCCC;GSTBKLWKQBFSNV-UHFFFAOYNA-N;C51H94O12","916.70835","387.2377","211.2067","257.2112","313.2737","916.7084","495.4408","10.6625388888889","10.9625388888889","13652"
"","MSDIAL_ADGGA 16:0_12:0_16:0;[M+NH4]+;CCCCCCCCCCCCCCCC(=O)OCC(COC1OC(C(O)C(O)C1OC(=O)CCCCCCCCCCCCCCC)C(O)=O)OC(=O)CCCCCCCCCCC;ZEGGBHVYBBPBTJ-UHFFFAOYNA-N;C53H98O12",0,0,0,0,0,0,0,"11.23642","11.53642","18528","","MSDIAL_ADGGA 16:0_12:0_16:0;[M+NH4]+;CCCCCCCCCCCCCCCC(=O)OCC(COC1OC(C(O)C(O)C1OC(=O)CCCCCCCCCCCCCCC)C(O)=O)OC(=O)CCCCCCCCCCC;ZEGGBHVYBBPBTJ-UHFFFAOYNA-N;C53H98O12",0,0,0,0,0,0,0,"11.23642","11.53642","18528","","MSDIAL_ADGGA 16:0_12:0_16:0;[M+NH4]+;CCCCCCCCCCCCCCCC(=O)OCC(COC1OC(C(O)C(O)C1OC(=O)CCCCCCCCCCCCCCC)C(O)=O)OC(=O)CCCCCCCCCCC;ZEGGBHVYBBPBTJ-UHFFFAOYNA-N;C53H98O12",0,0,0,0,0,0,0,"11.23642","11.53642","18528","","MSDIAL_ADGGA 16:0_12:0_16:0;[M+NH4]+;CCCCCCCCCCCCCCCC(=O)OCC(COC1OC(C(O)C(O)C1OC(=O)CCCCCCCCCCCCCCC)C(O)=O)OC(=O)CCCCCCCCCCC;ZEGGBHVYBBPBTJ-UHFFFAOYNA-N;C53H98O12",0,0,0,0,0,0,0,"11.23642","11.53642","18528","","MSDIAL_ADGGA 16:0_12:0_16:0;[M+NH4]+;CCCCCCCCCCCCCCCC(=O)OCC(COC1OC(C(O)C(O)C1OC(=O)CCCCCCCCCCCCCCC)C(O)=O)OC(=O)CCCCCCCCCCC;ZEGGBHVYBBPBTJ-UHFFFAOYNA-N;C53H98O12",0,0,0,0,0,0,0,"11.23642","11.53642","18528","","MSDIAL_ADGGA 16:0_12:0_16:0;[M+NH4]+;CCCCCCCCCCCCCCCC(=O)OCC(COC1OC(C(O)C(O)C1OC(=O)CCCCCCCCCCCCCCC)C(O)=O)OC(=O)CCCCCCCCCCC;ZEGGBHVYBBPBTJ-UHFFFAOYNA-N;C53H98O12","944.73965","415.2690","239.2380","257.2112","313.2737","944.7396","495.4408","11.23642","11.53642","18528"
"","MSDIAL_ADGGA 16:1_12:0_16:0;[M+NH4]+;CCCCCCCCCCCCCCCC(=O)OCC(COC1OC(C(O)C(O)C1OC(=O)CCCCCCC\C=C/CCCCCC)C(O)=O)OC(=O)CCCCCCCCCCC;XVIMXBNYJLGTBS-XDOYNYLZNA-N;C53H96O12",0,0,0,0,0,0,0,"10.9828902777778","11.2828902777778","18589","","MSDIAL_ADGGA 16:1_12:0_16:0;[M+NH4]+;CCCCCCCCCCCCCCCC(=O)OCC(COC1OC(C(O)C(O)C1OC(=O)CCCCCCC\C=C/CCCCCC)C(O)=O)OC(=O)CCCCCCCCCCC;XVIMXBNYJLGTBS-XDOYNYLZNA-N;C53H96O12",0,0,0,0,0,0,0,"10.9828902777778","11.2828902777778","18589","","MSDIAL_ADGGA 16:1_12:0_16:0;[M+NH4]+;CCCCCCCCCCCCCCCC(=O)OCC(COC1OC(C(O)C(O)C1OC(=O)CCCCCCC\C=C/CCCCCC)C(O)=O)OC(=O)CCCCCCCCCCC;XVIMXBNYJLGTBS-XDOYNYLZNA-N;C53H96O12",0,0,0,0,0,0,0,"10.9828902777778","11.2828902777778","18589","","MSDIAL_ADGGA 16:1_12:0_16:0;[M+NH4]+;CCCCCCCCCCCCCCCC(=O)OCC(COC1OC(C(O)C(O)C1OC(=O)CCCCCCC\C=C/CCCCCC)C(O)=O)OC(=O)CCCCCCCCCCC;XVIMXBNYJLGTBS-XDOYNYLZNA-N;C53H96O12",0,0,0,0,0,0,0,"10.9828902777778","11.2828902777778","18589","","MSDIAL_ADGGA 16:1_12:0_16:0;[M+NH4]+;CCCCCCCCCCCCCCCC(=O)OCC(COC1OC(C(O)C(O)C1OC(=O)CCCCCCC\C=C/CCCCCC)C(O)=O)OC(=O)CCCCCCCCCCC;XVIMXBNYJLGTBS-XDOYNYLZNA-N;C53H96O12",0,0,0,0,0,0,0,"10.9828902777778","11.2828902777778","18589","","MSDIAL_ADGGA 16:1_12:0_16:0;[M+NH4]+;CCCCCCCCCCCCCCCC(=O)OCC(COC1OC(C(O)C(O)C1OC(=O)CCCCCCC\C=C/CCCCCC)C(O)=O)OC(=O)CCCCCCCCCCC;XVIMXBNYJLGTBS-XDOYNYLZNA-N;C53H96O12","942.72400","413.2534","237.2224","257.2112","313.2737","942.7240","495.4408","10.9828902777778","11.2828902777778","18589"
"","MSDIAL_ADGGA 20:1_12:0_16:0;[M+NH4]+;CCCCCCCCCCCCCCCC(=O)OCC(COC1OC(C(O)C(O)C1OC(=O)CCCCCCCCC\C=C/CCCCCCCC)C(O)=O)OC(=O)CCCCCCCCCCC;XWYZOUVHDXNZPW-VHXPQNKSNA-N;C57H104O12",0,0,0,0,0,0,0,"14.6851348484848","14.9851348484848","13522","","MSDIAL_ADGGA 20:1_12:0_16:0;[M+NH4]+;CCCCCCCCCCCCCCCC(=O)OCC(COC1OC(C(O)C(O)C1OC(=O)CCCCCCCCC\C=C/CCCCCCCC)C(O)=O)OC(=O)CCCCCCCCCCC;XWYZOUVHDXNZPW-VHXPQNKSNA-N;C57H104O12",0,0,0,0,0,0,0,"14.6851348484848","14.9851348484848","13522","","MSDIAL_ADGGA 20:1_12:0_16:0;[M+NH4]+;CCCCCCCCCCCCCCCC(=O)OCC(COC1OC(C(O)C(O)C1OC(=O)CCCCCCCCC\C=C/CCCCCCCC)C(O)=O)OC(=O)CCCCCCCCCCC;XWYZOUVHDXNZPW-VHXPQNKSNA-N;C57H104O12",0,0,0,0,0,0,0,"14.6851348484848","14.9851348484848","13522","","MSDIAL_ADGGA 20:1_12:0_16:0;[M+NH4]+;CCCCCCCCCCCCCCCC(=O)OCC(COC1OC(C(O)C(O)C1OC(=O)CCCCCCCCC\C=C/CCCCCCCC)C(O)=O)OC(=O)CCCCCCCCCCC;XWYZOUVHDXNZPW-VHXPQNKSNA-N;C57H104O12",0,0,0,0,0,0,0,"14.6851348484848","14.9851348484848","13522","","MSDIAL_ADGGA 20:1_12:0_16:0;[M+NH4]+;CCCCCCCCCCCCCCCC(=O)OCC(COC1OC(C(O)C(O)C1OC(=O)CCCCCCCCC\C=C/CCCCCCCC)C(O)=O)OC(=O)CCCCCCCCCCC;XWYZOUVHDXNZPW-VHXPQNKSNA-N;C57H104O12",0,0,0,0,0,0,0,"14.6851348484848","14.9851348484848","13522","","MSDIAL_ADGGA 20:1_12:0_16:0;[M+NH4]+;CCCCCCCCCCCCCCCC(=O)OCC(COC1OC(C(O)C(O)C1OC(=O)CCCCCCCCC\C=C/CCCCCCCC)C(O)=O)OC(=O)CCCCCCCCCCC;XWYZOUVHDXNZPW-VHXPQNKSNA-N;C57H104O12","998.78660","469.3160","293.2850","257.2112","313.2737","998.7866","495.4408","14.6851348484848","14.9851348484848","13522"
"","MSDIAL_ADGGA 16:0_12:0_16:1;[M+NH4]+;CCCCCCCCCCCCCCCC(=O)OC1C(OCC(COC(=O)CCCCCCC\C=C/CCCCCC)OC(=O)CCCCCCCCCCC)OC(C(O)C1O)C(O)=O;BSZNVZMSVIZMAE-VZCXRCSSNA-N;C53H96O12",0,0,0,0,0,0,0,"10.9828902777778","11.2828902777778","18589","","MSDIAL_ADGGA 16:0_12:0_16:1;[M+NH4]+;CCCCCCCCCCCCCCCC(=O)OC1C(OCC(COC(=O)CCCCCCC\C=C/CCCCCC)OC(=O)CCCCCCCCCCC)OC(C(O)C1O)C(O)=O;BSZNVZMSVIZMAE-VZCXRCSSNA-N;C53H96O12",0,0,0,0,0,0,0,"10.9828902777778","11.2828902777778","18589","","MSDIAL_ADGGA 16:0_12:0_16:1;[M+NH4]+;CCCCCCCCCCCCCCCC(=O)OC1C(OCC(COC(=O)CCCCCCC\C=C/CCCCCC)OC(=O)CCCCCCCCCCC)OC(C(O)C1O)C(O)=O;BSZNVZMSVIZMAE-VZCXRCSSNA-N;C53H96O12",0,0,0,0,0,0,0,"10.9828902777778","11.2828902777778","18589","","MSDIAL_ADGGA 16:0_12:0_16:1;[M+NH4]+;CCCCCCCCCCCCCCCC(=O)OC1C(OCC(COC(=O)CCCCCCC\C=C/CCCCCC)OC(=O)CCCCCCCCCCC)OC(C(O)C1O)C(O)=O;BSZNVZMSVIZMAE-VZCXRCSSNA-N;C53H96O12",0,0,0,0,0,0,0,"10.9828902777778","11.2828902777778","18589","","MSDIAL_ADGGA 16:0_12:0_16:1;[M+NH4]+;CCCCCCCCCCCCCCCC(=O)OC1C(OCC(COC(=O)CCCCCCC\C=C/CCCCCC)OC(=O)CCCCCCCCCCC)OC(C(O)C1O)C(O)=O;BSZNVZMSVIZMAE-VZCXRCSSNA-N;C53H96O12",0,0,0,0,0,0,0,"10.9828902777778","11.2828902777778","18589","","MSDIAL_ADGGA 16:0_12:0_16:1;[M+NH4]+;CCCCCCCCCCCCCCCC(=O)OC1C(OCC(COC(=O)CCCCCCC\C=C/CCCCCC)OC(=O)CCCCCCCCCCC)OC(C(O)C1O)C(O)=O;BSZNVZMSVIZMAE-VZCXRCSSNA-N;C53H96O12","942.72400","415.2690","239.2380","257.2112","311.2581","942.7240","493.4251","10.9828902777778","11.2828902777778","18589"
"","MSDIAL_ADGGA 20:0_12:0_16:1;[M+NH4]+;CCCCCCCCCCCCCCCCCCCC(=O)OC1C(OCC(COC(=O)CCCCCCC\C=C/CCCCCC)OC(=O)CCCCCCCCCCC)OC(C(O)C1O)C(O)=O;JLNQYQJXZRRUBZ-XDOYNYLZNA-N;C57H104O12",0,0,0,0,0,0,0,"14.6851348484848","14.9851348484848","13522","","MSDIAL_ADGGA 20:0_12:0_16:1;[M+NH4]+;CCCCCCCCCCCCCCCCCCCC(=O)OC1C(OCC(COC(=O)CCCCCCC\C=C/CCCCCC)OC(=O)CCCCCCCCCCC)OC(C(O)C1O)C(O)=O;JLNQYQJXZRRUBZ-XDOYNYLZNA-N;C57H104O12",0,0,0,0,0,0,0,"14.6851348484848","14.9851348484848","13522","","MSDIAL_ADGGA 20:0_12:0_16:1;[M+NH4]+;CCCCCCCCCCCCCCCCCCCC(=O)OC1C(OCC(COC(=O)CCCCCCC\C=C/CCCCCC)OC(=O)CCCCCCCCCCC)OC(C(O)C1O)C(O)=O;JLNQYQJXZRRUBZ-XDOYNYLZNA-N;C57H104O12",0,0,0,0,0,0,0,"14.6851348484848","14.9851348484848","13522","","MSDIAL_ADGGA 20:0_12:0_16:1;[M+NH4]+;CCCCCCCCCCCCCCCCCCCC(=O)OC1C(OCC(COC(=O)CCCCCCC\C=C/CCCCCC)OC(=O)CCCCCCCCCCC)OC(C(O)C1O)C(O)=O;JLNQYQJXZRRUBZ-XDOYNYLZNA-N;C57H104O12",0,0,0,0,0,0,0,"14.6851348484848","14.9851348484848","13522","","MSDIAL_ADGGA 20:0_12:0_16:1;[M+NH4]+;CCCCCCCCCCCCCCCCCCCC(=O)OC1C(OCC(COC(=O)CCCCCCC\C=C/CCCCCC)OC(=O)CCCCCCCCCCC)OC(C(O)C1O)C(O)=O;JLNQYQJXZRRUBZ-XDOYNYLZNA-N;C57H104O12",0,0,0,0,0,0,0,"14.6851348484848","14.9851348484848","13522","","MSDIAL_ADGGA 20:0_12:0_16:1;[M+NH4]+;CCCCCCCCCCCCCCCCCCCC(=O)OC1C(OCC(COC(=O)CCCCCCC\C=C/CCCCCC)OC(=O)CCCCCCCCCCC)OC(C(O)C1O)C(O)=O;JLNQYQJXZRRUBZ-XDOYNYLZNA-N;C57H104O12","998.78660","471.3316","295.3006","257.2112","311.2581","998.7866","493.4251","14.6851348484848","14.9851348484848","13522"
"","MSDIAL_ADGGA 12:0_12:0_18:0;[M+NH4]+;CCCCCCCCCCCCCCCCCC(=O)OCC(COC1OC(C(O)C(O)C1OC(=O)CCCCCCCCCCC)C(O)=O)OC(=O)CCCCCCCCCCC;AYYBEOZHIYMQSY-UHFFFAOYNA-N;C51H94O12",0,0,0,0,0,0,0,"10.6625388888889","10.9625388888889","13652","","MSDIAL_ADGGA 12:0_12:0_18:0;[M+NH4]+;CCCCCCCCCCCCCCCCCC(=O)OCC(COC1OC(C(O)C(O)C1OC(=O)CCCCCCCCCCC)C(O)=O)OC(=O)CCCCCCCCCCC;AYYBEOZHIYMQSY-UHFFFAOYNA-N;C51H94O12",0,0,0,0,0,0,0,"10.6625388888889","10.9625388888889","13652","","MSDIAL_ADGGA 12:0_12:0_18:0;[M+NH4]+;CCCCCCCCCCCCCCCCCC(=O)OCC(COC1OC(C(O)C(O)C1OC(=O)CCCCCCCCCCC)C(O)=O)OC(=O)CCCCCCCCCCC;AYYBEOZHIYMQSY-UHFFFAOYNA-N;C51H94O12",0,0,0,0,0,0,0,"10.6625388888889","10.9625388888889","13652","","MSDIAL_ADGGA 12:0_12:0_18:0;[M+NH4]+;CCCCCCCCCCCCCCCCCC(=O)OCC(COC1OC(C(O)C(O)C1OC(=O)CCCCCCCCCCC)C(O)=O)OC(=O)CCCCCCCCCCC;AYYBEOZHIYMQSY-UHFFFAOYNA-N;C51H94O12",0,0,0,0,0,0,0,"10.6625388888889","10.9625388888889","13652","","MSDIAL_ADGGA 12:0_12:0_18:0;[M+NH4]+;CCCCCCCCCCCCCCCCCC(=O)OCC(COC1OC(C(O)C(O)C1OC(=O)CCCCCCCCCCC)C(O)=O)OC(=O)CCCCCCCCCCC;AYYBEOZHIYMQSY-UHFFFAOYNA-N;C51H94O12",0,0,0,0,0,0,0,"10.6625388888889","10.9625388888889","13652","","MSDIAL_ADGGA 12:0_12:0_18:0;[M+NH4]+;CCCCCCCCCCCCCCCCCC(=O)OCC(COC1OC(C(O)C(O)C1OC(=O)CCCCCCCCCCC)C(O)=O)OC(=O)CCCCCCCCCCC;AYYBEOZHIYMQSY-UHFFFAOYNA-N;C51H94O12","916.70835","359.2064","183.1754","257.2112","341.3051","916.7084","523.4721","10.6625388888889","10.9625388888889","13652"
"","MSDIAL_ADGGA 14:0_12:0_18:0;[M+NH4]+;CCCCCCCCCCCCCCCCCC(=O)OCC(COC1OC(C(O)C(O)C1OC(=O)CCCCCCCCCCCCC)C(O)=O)OC(=O)CCCCCCCCCCC;YZHWQRGPRDBIFA-UHFFFAOYNA-N;C53H98O12",0,0,0,0,0,0,0,"11.23642","11.53642","18528","","MSDIAL_ADGGA 14:0_12:0_18:0;[M+NH4]+;CCCCCCCCCCCCCCCCCC(=O)OCC(COC1OC(C(O)C(O)C1OC(=O)CCCCCCCCCCCCC)C(O)=O)OC(=O)CCCCCCCCCCC;YZHWQRGPRDBIFA-UHFFFAOYNA-N;C53H98O12",0,0,0,0,0,0,0,"11.23642","11.53642","18528","","MSDIAL_ADGGA 14:0_12:0_18:0;[M+NH4]+;CCCCCCCCCCCCCCCCCC(=O)OCC(COC1OC(C(O)C(O)C1OC(=O)CCCCCCCCCCCCC)C(O)=O)OC(=O)CCCCCCCCCCC;YZHWQRGPRDBIFA-UHFFFAOYNA-N;C53H98O12",0,0,0,0,0,0,0,"11.23642","11.53642","18528","","MSDIAL_ADGGA 14:0_12:0_18:0;[M+NH4]+;CCCCCCCCCCCCCCCCCC(=O)OCC(COC1OC(C(O)C(O)C1OC(=O)CCCCCCCCCCCCC)C(O)=O)OC(=O)CCCCCCCCCCC;YZHWQRGPRDBIFA-UHFFFAOYNA-N;C53H98O12",0,0,0,0,0,0,0,"11.23642","11.53642","18528","","MSDIAL_ADGGA 14:0_12:0_18:0;[M+NH4]+;CCCCCCCCCCCCCCCCCC(=O)OCC(COC1OC(C(O)C(O)C1OC(=O)CCCCCCCCCCCCC)C(O)=O)OC(=O)CCCCCCCCCCC;YZHWQRGPRDBIFA-UHFFFAOYNA-N;C53H98O12",0,0,0,0,0,0,0,"11.23642","11.53642","18528","","MSDIAL_ADGGA 14:0_12:0_18:0;[M+NH4]+;CCCCCCCCCCCCCCCCCC(=O)OCC(COC1OC(C(O)C(O)C1OC(=O)CCCCCCCCCCCCC)C(O)=O)OC(=O)CCCCCCCCCCC;YZHWQRGPRDBIFA-UHFFFAOYNA-N;C53H98O12","944.73965","387.2377","211.2067","257.2112","341.3051","944.7396","523.4721","11.23642","11.53642","18528"
"","MSDIAL_ADGGA 14:1_12:0_18:0;[M+NH4]+;CCCCCCCCCCCCCCCCCC(=O)OCC(COC1OC(C(O)C(O)C1OC(=O)CCCCCCC\C=C/CCCC)C(O)=O)OC(=O)CCCCCCCCCCC;QTTQEHXQCLHRKE-VKAVYKQENA-N;C53H96O12",0,0,0,0,0,0,0,"10.9828902777778","11.2828902777778","18589","","MSDIAL_ADGGA 14:1_12:0_18:0;[M+NH4]+;CCCCCCCCCCCCCCCCCC(=O)OCC(COC1OC(C(O)C(O)C1OC(=O)CCCCCCC\C=C/CCCC)C(O)=O)OC(=O)CCCCCCCCCCC;QTTQEHXQCLHRKE-VKAVYKQENA-N;C53H96O12",0,0,0,0,0,0,0,"10.9828902777778","11.2828902777778","18589","","MSDIAL_ADGGA 14:1_12:0_18:0;[M+NH4]+;CCCCCCCCCCCCCCCCCC(=O)OCC(COC1OC(C(O)C(O)C1OC(=O)CCCCCCC\C=C/CCCC)C(O)=O)OC(=O)CCCCCCCCCCC;QTTQEHXQCLHRKE-VKAVYKQENA-N;C53H96O12",0,0,0,0,0,0,0,"10.9828902777778","11.2828902777778","18589","","MSDIAL_ADGGA 14:1_12:0_18:0;[M+NH4]+;CCCCCCCCCCCCCCCCCC(=O)OCC(COC1OC(C(O)C(O)C1OC(=O)CCCCCCC\C=C/CCCC)C(O)=O)OC(=O)CCCCCCCCCCC;QTTQEHXQCLHRKE-VKAVYKQENA-N;C53H96O12",0,0,0,0,0,0,0,"10.9828902777778","11.2828902777778","18589","","MSDIAL_ADGGA 14:1_12:0_18:0;[M+NH4]+;CCCCCCCCCCCCCCCCCC(=O)OCC(COC1OC(C(O)C(O)C1OC(=O)CCCCCCC\C=C/CCCC)C(O)=O)OC(=O)CCCCCCCCCCC;QTTQEHXQCLHRKE-VKAVYKQENA-N;C53H96O12",0,0,0,0,0,0,0,"10.9828902777778","11.2828902777778","18589","","MSDIAL_ADGGA 14:1_12:0_18:0;[M+NH4]+;CCCCCCCCCCCCCCCCCC(=O)OCC(COC1OC(C(O)C(O)C1OC(=O)CCCCCCC\C=C/CCCC)C(O)=O)OC(=O)CCCCCCCCCCC;QTTQEHXQCLHRKE-VKAVYKQENA-N;C53H96O12","942.72400","385.2221","209.1911","257.2112","341.3051","942.7240","523.4721","10.9828902777778","11.2828902777778","18589"
"","MSDIAL_ADGGA 18:1_12:0_18:0;[M+NH4]+;CCCCCCCCCCCCCCCCCC(=O)OCC(COC1OC(C(O)C(O)C1OC(=O)CCCCCCC\C=C/CCCCCCCC)C(O)=O)OC(=O)CCCCCCCCCCC;BWOCSTGOYDAYPM-LCUIJRPUNA-N;C57H104O12",0,0,0,0,0,0,0,"14.6851348484848","14.9851348484848","13522","","MSDIAL_ADGGA 18:1_12:0_18:0;[M+NH4]+;CCCCCCCCCCCCCCCCCC(=O)OCC(COC1OC(C(O)C(O)C1OC(=O)CCCCCCC\C=C/CCCCCCCC)C(O)=O)OC(=O)CCCCCCCCCCC;BWOCSTGOYDAYPM-LCUIJRPUNA-N;C57H104O12",0,0,0,0,0,0,0,"14.6851348484848","14.9851348484848","13522","","MSDIAL_ADGGA 18:1_12:0_18:0;[M+NH4]+;CCCCCCCCCCCCCCCCCC(=O)OCC(COC1OC(C(O)C(O)C1OC(=O)CCCCCCC\C=C/CCCCCCCC)C(O)=O)OC(=O)CCCCCCCCCCC;BWOCSTGOYDAYPM-LCUIJRPUNA-N;C57H104O12",0,0,0,0,0,0,0,"14.6851348484848","14.9851348484848","13522","","MSDIAL_ADGGA 18:1_12:0_18:0;[M+NH4]+;CCCCCCCCCCCCCCCCCC(=O)OCC(COC1OC(C(O)C(O)C1OC(=O)CCCCCCC\C=C/CCCCCCCC)C(O)=O)OC(=O)CCCCCCCCCCC;BWOCSTGOYDAYPM-LCUIJRPUNA-N;C57H104O12",0,0,0,0,0,0,0,"14.6851348484848","14.9851348484848","13522","","MSDIAL_ADGGA 18:1_12:0_18:0;[M+NH4]+;CCCCCCCCCCCCCCCCCC(=O)OCC(COC1OC(C(O)C(O)C1OC(=O)CCCCCCC\C=C/CCCCCCCC)C(O)=O)OC(=O)CCCCCCCCCCC;BWOCSTGOYDAYPM-LCUIJRPUNA-N;C57H104O12",0,0,0,0,0,0,0,"14.6851348484848","14.9851348484848","13522","","MSDIAL_ADGGA 18:1_12:0_18:0;[M+NH4]+;CCCCCCCCCCCCCCCCCC(=O)OCC(COC1OC(C(O)C(O)C1OC(=O)CCCCCCC\C=C/CCCCCCCC)C(O)=O)OC(=O)CCCCCCCCCCC;BWOCSTGOYDAYPM-LCUIJRPUNA-N;C57H104O12","998.78660","441.2847","265.2537","257.2112","341.3051","998.7866","523.4721","14.6851348484848","14.9851348484848","13522"
"","MSDIAL_ADGGA 14:0_12:0_18:1;[M+NH4]+;CCCCCCCCCCCCCC(=O)OC1C(OCC(COC(=O)CCCCCCC\C=C/CCCCCCCC)OC(=O)CCCCCCCCCCC)OC(C(O)C1O)C(O)=O;ZLSAXVIAYIOZOH-FCQUAONHNA-N;C53H96O12",0,0,0,0,0,0,0,"10.9828902777778","11.2828902777778","18589","","MSDIAL_ADGGA 14:0_12:0_18:1;[M+NH4]+;CCCCCCCCCCCCCC(=O)OC1C(OCC(COC(=O)CCCCCCC\C=C/CCCCCCCC)OC(=O)CCCCCCCCCCC)OC(C(O)C1O)C(O)=O;ZLSAXVIAYIOZOH-FCQUAONHNA-N;C53H96O12",0,0,0,0,0,0,0,"10.9828902777778","11.2828902777778","18589","","MSDIAL_ADGGA 14:0_12:0_18:1;[M+NH4]+;CCCCCCCCCCCCCC(=O)OC1C(OCC(COC(=O)CCCCCCC\C=C/CCCCCCCC)OC(=O)CCCCCCCCCCC)OC(C(O)C1O)C(O)=O;ZLSAXVIAYIOZOH-FCQUAONHNA-N;C53H96O12",0,0,0,0,0,0,0,"10.9828902777778","11.2828902777778","18589","","MSDIAL_ADGGA 14:0_12:0_18:1;[M+NH4]+;CCCCCCCCCCCCCC(=O)OC1C(OCC(COC(=O)CCCCCCC\C=C/CCCCCCCC)OC(=O)CCCCCCCCCCC)OC(C(O)C1O)C(O)=O;ZLSAXVIAYIOZOH-FCQUAONHNA-N;C53H96O12",0,0,0,0,0,0,0,"10.9828902777778","11.2828902777778","18589","","MSDIAL_ADGGA 14:0_12:0_18:1;[M+NH4]+;CCCCCCCCCCCCCC(=O)OC1C(OCC(COC(=O)CCCCCCC\C=C/CCCCCCCC)OC(=O)CCCCCCCCCCC)OC(C(O)C1O)C(O)=O;ZLSAXVIAYIOZOH-FCQUAONHNA-N;C53H96O12",0,0,0,0,0,0,0,"10.9828902777778","11.2828902777778","18589","","MSDIAL_ADGGA 14:0_12:0_18:1;[M+NH4]+;CCCCCCCCCCCCCC(=O)OC1C(OCC(COC(=O)CCCCCCC\C=C/CCCCCCCC)OC(=O)CCCCCCCCCCC)OC(C(O)C1O)C(O)=O;ZLSAXVIAYIOZOH-FCQUAONHNA-N;C53H96O12","942.72400","387.2377","211.2067","257.2112","339.2894","942.7240","521.4564","10.9828902777778","11.2828902777778","18589"
"","MSDIAL_ADGGA 18:0_12:0_18:1;[M+NH4]+;CCCCCCCCCCCCCCCCCC(=O)OC1C(OCC(COC(=O)CCCCCCC\C=C/CCCCCCCC)OC(=O)CCCCCCCCCCC)OC(C(O)C1O)C(O)=O;FTKAWHMOKXVLTN-BZZOAKBMNA-N;C57H104O12",0,0,0,0,0,0,0,"14.6851348484848","14.9851348484848","13522","","MSDIAL_ADGGA 18:0_12:0_18:1;[M+NH4]+;CCCCCCCCCCCCCCCCCC(=O)OC1C(OCC(COC(=O)CCCCCCC\C=C/CCCCCCCC)OC(=O)CCCCCCCCCCC)OC(C(O)C1O)C(O)=O;FTKAWHMOKXVLTN-BZZOAKBMNA-N;C57H104O12",0,0,0,0,0,0,0,"14.6851348484848","14.9851348484848","13522","","MSDIAL_ADGGA 18:0_12:0_18:1;[M+NH4]+;CCCCCCCCCCCCCCCCCC(=O)OC1C(OCC(COC(=O)CCCCCCC\C=C/CCCCCCCC)OC(=O)CCCCCCCCCCC)OC(C(O)C1O)C(O)=O;FTKAWHMOKXVLTN-BZZOAKBMNA-N;C57H104O12",0,0,0,0,0,0,0,"14.6851348484848","14.9851348484848","13522","","MSDIAL_ADGGA 18:0_12:0_18:1;[M+NH4]+;CCCCCCCCCCCCCCCCCC(=O)OC1C(OCC(COC(=O)CCCCCCC\C=C/CCCCCCCC)OC(=O)CCCCCCCCCCC)OC(C(O)C1O)C(O)=O;FTKAWHMOKXVLTN-BZZOAKBMNA-N;C57H104O12",0,0,0,0,0,0,0,"14.6851348484848","14.9851348484848","13522","","MSDIAL_ADGGA 18:0_12:0_18:1;[M+NH4]+;CCCCCCCCCCCCCCCCCC(=O)OC1C(OCC(COC(=O)CCCCCCC\C=C/CCCCCCCC)OC(=O)CCCCCCCCCCC)OC(C(O)C1O)C(O)=O;FTKAWHMOKXVLTN-BZZOAKBMNA-N;C57H104O12",0,0,0,0,0,0,0,"14.6851348484848","14.9851348484848","13522","","MSDIAL_ADGGA 18:0_12:0_18:1;[M+NH4]+;CCCCCCCCCCCCCCCCCC(=O)OC1C(OCC(COC(=O)CCCCCCC\C=C/CCCCCCCC)OC(=O)CCCCCCCCCCC)OC(C(O)C1O)C(O)=O;FTKAWHMOKXVLTN-BZZOAKBMNA-N;C57H104O12","998.78660","443.3003","267.2693","257.2112","339.2894","998.7866","521.4564","14.6851348484848","14.9851348484848","13522"
"","MSDIAL_ADGGA 12:0_12:0_20:0;[M+NH4]+;CCCCCCCCCCCCCCCCCCCC(=O)OCC(COC1OC(C(O)C(O)C1OC(=O)CCCCCCCCCCC)C(O)=O)OC(=O)CCCCCCCCCCC;GBAILMIXZGDHQB-UHFFFAOYNA-N;C53H98O12",0,0,0,0,0,0,0,"11.23642","11.53642","18528","","MSDIAL_ADGGA 12:0_12:0_20:0;[M+NH4]+;CCCCCCCCCCCCCCCCCCCC(=O)OCC(COC1OC(C(O)C(O)C1OC(=O)CCCCCCCCCCC)C(O)=O)OC(=O)CCCCCCCCCCC;GBAILMIXZGDHQB-UHFFFAOYNA-N;C53H98O12",0,0,0,0,0,0,0,"11.23642","11.53642","18528","","MSDIAL_ADGGA 12:0_12:0_20:0;[M+NH4]+;CCCCCCCCCCCCCCCCCCCC(=O)OCC(COC1OC(C(O)C(O)C1OC(=O)CCCCCCCCCCC)C(O)=O)OC(=O)CCCCCCCCCCC;GBAILMIXZGDHQB-UHFFFAOYNA-N;C53H98O12",0,0,0,0,0,0,0,"11.23642","11.53642","18528","","MSDIAL_ADGGA 12:0_12:0_20:0;[M+NH4]+;CCCCCCCCCCCCCCCCCCCC(=O)OCC(COC1OC(C(O)C(O)C1OC(=O)CCCCCCCCCCC)C(O)=O)OC(=O)CCCCCCCCCCC;GBAILMIXZGDHQB-UHFFFAOYNA-N;C53H98O12",0,0,0,0,0,0,0,"11.23642","11.53642","18528","","MSDIAL_ADGGA 12:0_12:0_20:0;[M+NH4]+;CCCCCCCCCCCCCCCCCCCC(=O)OCC(COC1OC(C(O)C(O)C1OC(=O)CCCCCCCCCCC)C(O)=O)OC(=O)CCCCCCCCCCC;GBAILMIXZGDHQB-UHFFFAOYNA-N;C53H98O12",0,0,0,0,0,0,0,"11.23642","11.53642","18528","","MSDIAL_ADGGA 12:0_12:0_20:0;[M+NH4]+;CCCCCCCCCCCCCCCCCCCC(=O)OCC(COC1OC(C(O)C(O)C1OC(=O)CCCCCCCCCCC)C(O)=O)OC(=O)CCCCCCCCCCC;GBAILMIXZGDHQB-UHFFFAOYNA-N;C53H98O12","944.73965","359.2064","183.1754","257.2112","369.3363","944.7396","551.5034","11.23642","11.53642","18528"
"","MSDIAL_ADGGA 16:1_12:0_20:0;[M+NH4]+;CCCCCCCCCCCCCCCCCCCC(=O)OCC(COC1OC(C(O)C(O)C1OC(=O)CCCCCCC\C=C/CCCCCC)C(O)=O)OC(=O)CCCCCCCCCCC;BDFRAODXJOQDJO-XDOYNYLZNA-N;C57H104O12",0,0,0,0,0,0,0,"14.6851348484848","14.9851348484848","13522","","MSDIAL_ADGGA 16:1_12:0_20:0;[M+NH4]+;CCCCCCCCCCCCCCCCCCCC(=O)OCC(COC1OC(C(O)C(O)C1OC(=O)CCCCCCC\C=C/CCCCCC)C(O)=O)OC(=O)CCCCCCCCCCC;BDFRAODXJOQDJO-XDOYNYLZNA-N;C57H104O12",0,0,0,0,0,0,0,"14.6851348484848","14.9851348484848","13522","","MSDIAL_ADGGA 16:1_12:0_20:0;[M+NH4]+;CCCCCCCCCCCCCCCCCCCC(=O)OCC(COC1OC(C(O)C(O)C1OC(=O)CCCCCCC\C=C/CCCCCC)C(O)=O)OC(=O)CCCCCCCCCCC;BDFRAODXJOQDJO-XDOYNYLZNA-N;C57H104O12",0,0,0,0,0,0,0,"14.6851348484848","14.9851348484848","13522","","MSDIAL_ADGGA 16:1_12:0_20:0;[M+NH4]+;CCCCCCCCCCCCCCCCCCCC(=O)OCC(COC1OC(C(O)C(O)C1OC(=O)CCCCCCC\C=C/CCCCCC)C(O)=O)OC(=O)CCCCCCCCCCC;BDFRAODXJOQDJO-XDOYNYLZNA-N;C57H104O12",0,0,0,0,0,0,0,"14.6851348484848","14.9851348484848","13522","","MSDIAL_ADGGA 16:1_12:0_20:0;[M+NH4]+;CCCCCCCCCCCCCCCCCCCC(=O)OCC(COC1OC(C(O)C(O)C1OC(=O)CCCCCCC\C=C/CCCCCC)C(O)=O)OC(=O)CCCCCCCCCCC;BDFRAODXJOQDJO-XDOYNYLZNA-N;C57H104O12",0,0,0,0,0,0,0,"14.6851348484848","14.9851348484848","13522","","MSDIAL_ADGGA 16:1_12:0_20:0;[M+NH4]+;CCCCCCCCCCCCCCCCCCCC(=O)OCC(COC1OC(C(O)C(O)C1OC(=O)CCCCCCC\C=C/CCCCCC)C(O)=O)OC(=O)CCCCCCCCCCC;BDFRAODXJOQDJO-XDOYNYLZNA-N;C57H104O12","998.78660","413.2534","237.2224","257.2112","369.3363","998.7866","551.5034","14.6851348484848","14.9851348484848","13522"
"","MSDIAL_ADGGA 12:0_12:0_20:1;[M+NH4]+;CCCCCCCCCCCC(=O)OC(COC1OC(C(O)C(O)C1OC(=O)CCCCCCCCCCC)C(O)=O)COC(=O)CCCCCCCCC\C=C/CCCCCCCC;QCSSGMAJGYSKAV-DQRAZIAONA-N;C53H96O12",0,0,0,0,0,0,0,"10.9828902777778","11.2828902777778","18589","","MSDIAL_ADGGA 12:0_12:0_20:1;[M+NH4]+;CCCCCCCCCCCC(=O)OC(COC1OC(C(O)C(O)C1OC(=O)CCCCCCCCCCC)C(O)=O)COC(=O)CCCCCCCCC\C=C/CCCCCCCC;QCSSGMAJGYSKAV-DQRAZIAONA-N;C53H96O12",0,0,0,0,0,0,0,"10.9828902777778","11.2828902777778","18589","","MSDIAL_ADGGA 12:0_12:0_20:1;[M+NH4]+;CCCCCCCCCCCC(=O)OC(COC1OC(C(O)C(O)C1OC(=O)CCCCCCCCCCC)C(O)=O)COC(=O)CCCCCCCCC\C=C/CCCCCCCC;QCSSGMAJGYSKAV-DQRAZIAONA-N;C53H96O12",0,0,0,0,0,0,0,"10.9828902777778","11.2828902777778","18589","","MSDIAL_ADGGA 12:0_12:0_20:1;[M+NH4]+;CCCCCCCCCCCC(=O)OC(COC1OC(C(O)C(O)C1OC(=O)CCCCCCCCCCC)C(O)=O)COC(=O)CCCCCCCCC\C=C/CCCCCCCC;QCSSGMAJGYSKAV-DQRAZIAONA-N;C53H96O12",0,0,0,0,0,0,0,"10.9828902777778","11.2828902777778","18589","","MSDIAL_ADGGA 12:0_12:0_20:1;[M+NH4]+;CCCCCCCCCCCC(=O)OC(COC1OC(C(O)C(O)C1OC(=O)CCCCCCCCCCC)C(O)=O)COC(=O)CCCCCCCCC\C=C/CCCCCCCC;QCSSGMAJGYSKAV-DQRAZIAONA-N;C53H96O12",0,0,0,0,0,0,0,"10.9828902777778","11.2828902777778","18589","","MSDIAL_ADGGA 12:0_12:0_20:1;[M+NH4]+;CCCCCCCCCCCC(=O)OC(COC1OC(C(O)C(O)C1OC(=O)CCCCCCCCCCC)C(O)=O)COC(=O)CCCCCCCCC\C=C/CCCCCCCC;QCSSGMAJGYSKAV-DQRAZIAONA-N;C53H96O12","942.72400","359.2064","183.1754","257.2112","367.3207","942.7240","549.4877","10.9828902777778","11.2828902777778","18589"
"","MSDIAL_ADGGA 16:0_12:0_20:1;[M+NH4]+;CCCCCCCCCCCCCCCC(=O)OC1C(OCC(COC(=O)CCCCCCCCC\C=C/CCCCCCCC)OC(=O)CCCCCCCCCCC)OC(C(O)C1O)C(O)=O;GYDKTHQDFHZYDY-VHXPQNKSNA-N;C57H104O12",0,0,0,0,0,0,0,"14.6851348484848","14.9851348484848","13522","","MSDIAL_ADGGA 16:0_12:0_20:1;[M+NH4]+;CCCCCCCCCCCCCCCC(=O)OC1C(OCC(COC(=O)CCCCCCCCC\C=C/CCCCCCCC)OC(=O)CCCCCCCCCCC)OC(C(O)C1O)C(O)=O;GYDKTHQDFHZYDY-VHXPQNKSNA-N;C57H104O12",0,0,0,0,0,0,0,"14.6851348484848","14.9851348484848","13522","","MSDIAL_ADGGA 16:0_12:0_20:1;[M+NH4]+;CCCCCCCCCCCCCCCC(=O)OC1C(OCC(COC(=O)CCCCCCCCC\C=C/CCCCCCCC)OC(=O)CCCCCCCCCCC)OC(C(O)C1O)C(O)=O;GYDKTHQDFHZYDY-VHXPQNKSNA-N;C57H104O12",0,0,0,0,0,0,0,"14.6851348484848","14.9851348484848","13522","","MSDIAL_ADGGA 16:0_12:0_20:1;[M+NH4]+;CCCCCCCCCCCCCCCC(=O)OC1C(OCC(COC(=O)CCCCCCCCC\C=C/CCCCCCCC)OC(=O)CCCCCCCCCCC)OC(C(O)C1O)C(O)=O;GYDKTHQDFHZYDY-VHXPQNKSNA-N;C57H104O12",0,0,0,0,0,0,0,"14.6851348484848","14.9851348484848","13522","","MSDIAL_ADGGA 16:0_12:0_20:1;[M+NH4]+;CCCCCCCCCCCCCCCC(=O)OC1C(OCC(COC(=O)CCCCCCCCC\C=C/CCCCCCCC)OC(=O)CCCCCCCCCCC)OC(C(O)C1O)C(O)=O;GYDKTHQDFHZYDY-VHXPQNKSNA-N;C57H104O12",0,0,0,0,0,0,0,"14.6851348484848","14.9851348484848","13522","","MSDIAL_ADGGA 16:0_12:0_20:1;[M+NH4]+;CCCCCCCCCCCCCCCC(=O)OC1C(OCC(COC(=O)CCCCCCCCC\C=C/CCCCCCCC)OC(=O)CCCCCCCCCCC)OC(C(O)C1O)C(O)=O;GYDKTHQDFHZYDY-VHXPQNKSNA-N;C57H104O12","998.78660","415.2690","239.2380","257.2112","367.3207","998.7866","549.4877","14.6851348484848","14.9851348484848","13522"
"","MSDIAL_ADGGA 14:1_12:0_22:0;[M+NH4]+;CCCCCCCCCCCCCCCCCCCCCC(=O)OCC(COC1OC(C(O)C(O)C1OC(=O)CCCCCCC\C=C/CCCC)C(O)=O)OC(=O)CCCCCCCCCCC;FNBZRDZCJWZJCR-VKAVYKQENA-N;C57H104O12",0,0,0,0,0,0,0,"14.6851348484848","14.9851348484848","13522","","MSDIAL_ADGGA 14:1_12:0_22:0;[M+NH4]+;CCCCCCCCCCCCCCCCCCCCCC(=O)OCC(COC1OC(C(O)C(O)C1OC(=O)CCCCCCC\C=C/CCCC)C(O)=O)OC(=O)CCCCCCCCCCC;FNBZRDZCJWZJCR-VKAVYKQENA-N;C57H104O12",0,0,0,0,0,0,0,"14.6851348484848","14.9851348484848","13522","","MSDIAL_ADGGA 14:1_12:0_22:0;[M+NH4]+;CCCCCCCCCCCCCCCCCCCCCC(=O)OCC(COC1OC(C(O)C(O)C1OC(=O)CCCCCCC\C=C/CCCC)C(O)=O)OC(=O)CCCCCCCCCCC;FNBZRDZCJWZJCR-VKAVYKQENA-N;C57H104O12",0,0,0,0,0,0,0,"14.6851348484848","14.9851348484848","13522","","MSDIAL_ADGGA 14:1_12:0_22:0;[M+NH4]+;CCCCCCCCCCCCCCCCCCCCCC(=O)OCC(COC1OC(C(O)C(O)C1OC(=O)CCCCCCC\C=C/CCCC)C(O)=O)OC(=O)CCCCCCCCCCC;FNBZRDZCJWZJCR-VKAVYKQENA-N;C57H104O12",0,0,0,0,0,0,0,"14.6851348484848","14.9851348484848","13522","","MSDIAL_ADGGA 14:1_12:0_22:0;[M+NH4]+;CCCCCCCCCCCCCCCCCCCCCC(=O)OCC(COC1OC(C(O)C(O)C1OC(=O)CCCCCCC\C=C/CCCC)C(O)=O)OC(=O)CCCCCCCCCCC;FNBZRDZCJWZJCR-VKAVYKQENA-N;C57H104O12",0,0,0,0,0,0,0,"14.6851348484848","14.9851348484848","13522","","MSDIAL_ADGGA 14:1_12:0_22:0;[M+NH4]+;CCCCCCCCCCCCCCCCCCCCCC(=O)OCC(COC1OC(C(O)C(O)C1OC(=O)CCCCCCC\C=C/CCCC)C(O)=O)OC(=O)CCCCCCCCCCC;FNBZRDZCJWZJCR-VKAVYKQENA-N;C57H104O12","998.78660","385.2221","209.1911","257.2112","397.3676","998.7866","579.5347","14.6851348484848","14.9851348484848","13522"
"","MSDIAL_ADGGA 14:0_12:0_22:1;[M+NH4]+;CCCCCCCCCCCCCC(=O)OC1C(OCC(COC(=O)CCCCCCCCCCC\C=C/CCCCCCCC)OC(=O)CCCCCCCCCCC)OC(C(O)C1O)C(O)=O;UDICZBZBWIQFNX-FCQUAONHNA-N;C57H104O12",0,0,0,0,0,0,0,"14.6851348484848","14.9851348484848","13522","","MSDIAL_ADGGA 14:0_12:0_22:1;[M+NH4]+;CCCCCCCCCCCCCC(=O)OC1C(OCC(COC(=O)CCCCCCCCCCC\C=C/CCCCCCCC)OC(=O)CCCCCCCCCCC)OC(C(O)C1O)C(O)=O;UDICZBZBWIQFNX-FCQUAONHNA-N;C57H104O12",0,0,0,0,0,0,0,"14.6851348484848","14.9851348484848","13522","","MSDIAL_ADGGA 14:0_12:0_22:1;[M+NH4]+;CCCCCCCCCCCCCC(=O)OC1C(OCC(COC(=O)CCCCCCCCCCC\C=C/CCCCCCCC)OC(=O)CCCCCCCCCCC)OC(C(O)C1O)C(O)=O;UDICZBZBWIQFNX-FCQUAONHNA-N;C57H104O12",0,0,0,0,0,0,0,"14.6851348484848","14.9851348484848","13522","","MSDIAL_ADGGA 14:0_12:0_22:1;[M+NH4]+;CCCCCCCCCCCCCC(=O)OC1C(OCC(COC(=O)CCCCCCCCCCC\C=C/CCCCCCCC)OC(=O)CCCCCCCCCCC)OC(C(O)C1O)C(O)=O;UDICZBZBWIQFNX-FCQUAONHNA-N;C57H104O12",0,0,0,0,0,0,0,"14.6851348484848","14.9851348484848","13522","","MSDIAL_ADGGA 14:0_12:0_22:1;[M+NH4]+;CCCCCCCCCCCCCC(=O)OC1C(OCC(COC(=O)CCCCCCCCCCC\C=C/CCCCCCCC)OC(=O)CCCCCCCCCCC)OC(C(O)C1O)C(O)=O;UDICZBZBWIQFNX-FCQUAONHNA-N;C57H104O12",0,0,0,0,0,0,0,"14.6851348484848","14.9851348484848","13522","","MSDIAL_ADGGA 14:0_12:0_22:1;[M+NH4]+;CCCCCCCCCCCCCC(=O)OC1C(OCC(COC(=O)CCCCCCCCCCC\C=C/CCCCCCCC)OC(=O)CCCCCCCCCCC)OC(C(O)C1O)C(O)=O;UDICZBZBWIQFNX-FCQUAONHNA-N;C57H104O12","998.78660","387.2377","211.2067","257.2112","395.3520","998.7866","577.5190","14.6851348484848","14.9851348484848","13522"
"","MSDIAL_ADGGA 14:0_14:0_14:0;[M+NH4]+;CCCCCCCCCCCCCC(=O)OCC(COC1OC(C(O)C(O)C1OC(=O)CCCCCCCCCCCCC)C(O)=O)OC(=O)CCCCCCCCCCCCC;MXTDIHXNOIXZRJ-UHFFFAOYNA-N;C51H94O12",0,0,0,0,0,0,0,"10.6625388888889","10.9625388888889","13652","","MSDIAL_ADGGA 14:0_14:0_14:0;[M+NH4]+;CCCCCCCCCCCCCC(=O)OCC(COC1OC(C(O)C(O)C1OC(=O)CCCCCCCCCCCCC)C(O)=O)OC(=O)CCCCCCCCCCCCC;MXTDIHXNOIXZRJ-UHFFFAOYNA-N;C51H94O12",0,0,0,0,0,0,0,"10.6625388888889","10.9625388888889","13652","","MSDIAL_ADGGA 14:0_14:0_14:0;[M+NH4]+;CCCCCCCCCCCCCC(=O)OCC(COC1OC(C(O)C(O)C1OC(=O)CCCCCCCCCCCCC)C(O)=O)OC(=O)CCCCCCCCCCCCC;MXTDIHXNOIXZRJ-UHFFFAOYNA-N;C51H94O12",0,0,0,0,0,0,0,"10.6625388888889","10.9625388888889","13652","","MSDIAL_ADGGA 14:0_14:0_14:0;[M+NH4]+;CCCCCCCCCCCCCC(=O)OCC(COC1OC(C(O)C(O)C1OC(=O)CCCCCCCCCCCCC)C(O)=O)OC(=O)CCCCCCCCCCCCC;MXTDIHXNOIXZRJ-UHFFFAOYNA-N;C51H94O12",0,0,0,0,0,0,0,"10.6625388888889","10.9625388888889","13652","","MSDIAL_ADGGA 14:0_14:0_14:0;[M+NH4]+;CCCCCCCCCCCCCC(=O)OCC(COC1OC(C(O)C(O)C1OC(=O)CCCCCCCCCCCCC)C(O)=O)OC(=O)CCCCCCCCCCCCC;MXTDIHXNOIXZRJ-UHFFFAOYNA-N;C51H94O12",0,0,0,0,0,0,0,"10.6625388888889","10.9625388888889","13652","","MSDIAL_ADGGA 14:0_14:0_14:0;[M+NH4]+;CCCCCCCCCCCCCC(=O)OCC(COC1OC(C(O)C(O)C1OC(=O)CCCCCCCCCCCCC)C(O)=O)OC(=O)CCCCCCCCCCCCC;MXTDIHXNOIXZRJ-UHFFFAOYNA-N;C51H94O12","916.70835","387.2377","285.2424","211.2067","916.7084","495.4408","  1.0000","10.6625388888889","10.9625388888889","13652"
"","MSDIAL_ADGGA 16:0_14:0_14:0;[M+NH4]+;CCCCCCCCCCCCCCCC(=O)OC1C(O)C(O)C(OC1OCC(COC(=O)CCCCCCCCCCCCC)OC(=O)CCCCCCCCCCCCC)C(O)=O;JEMKBUMVDYPOMK-UHFFFAOYNA-N;C53H98O12",0,0,0,0,0,0,0,"11.23642","11.53642","18528","","MSDIAL_ADGGA 16:0_14:0_14:0;[M+NH4]+;CCCCCCCCCCCCCCCC(=O)OC1C(O)C(O)C(OC1OCC(COC(=O)CCCCCCCCCCCCC)OC(=O)CCCCCCCCCCCCC)C(O)=O;JEMKBUMVDYPOMK-UHFFFAOYNA-N;C53H98O12",0,0,0,0,0,0,0,"11.23642","11.53642","18528","","MSDIAL_ADGGA 16:0_14:0_14:0;[M+NH4]+;CCCCCCCCCCCCCCCC(=O)OC1C(O)C(O)C(OC1OCC(COC(=O)CCCCCCCCCCCCC)OC(=O)CCCCCCCCCCCCC)C(O)=O;JEMKBUMVDYPOMK-UHFFFAOYNA-N;C53H98O12",0,0,0,0,0,0,0,"11.23642","11.53642","18528","","MSDIAL_ADGGA 16:0_14:0_14:0;[M+NH4]+;CCCCCCCCCCCCCCCC(=O)OC1C(O)C(O)C(OC1OCC(COC(=O)CCCCCCCCCCCCC)OC(=O)CCCCCCCCCCCCC)C(O)=O;JEMKBUMVDYPOMK-UHFFFAOYNA-N;C53H98O12",0,0,0,0,0,0,0,"11.23642","11.53642","18528","","MSDIAL_ADGGA 16:0_14:0_14:0;[M+NH4]+;CCCCCCCCCCCCCCCC(=O)OC1C(O)C(O)C(OC1OCC(COC(=O)CCCCCCCCCCCCC)OC(=O)CCCCCCCCCCCCC)C(O)=O;JEMKBUMVDYPOMK-UHFFFAOYNA-N;C53H98O12",0,0,0,0,0,0,0,"11.23642","11.53642","18528","","MSDIAL_ADGGA 16:0_14:0_14:0;[M+NH4]+;CCCCCCCCCCCCCCCC(=O)OC1C(O)C(O)C(OC1OCC(COC(=O)CCCCCCCCCCCCC)OC(=O)CCCCCCCCCCCCC)C(O)=O;JEMKBUMVDYPOMK-UHFFFAOYNA-N;C53H98O12","944.73965","415.2690","285.2424","239.2380","944.7396","495.4408","  1.0000","11.23642","11.53642","18528"
"","MSDIAL_ADGGA 16:1_14:0_14:0;[M+NH4]+;CCCCCCCCCCCCCC(=O)OCC(COC1OC(C(O)C(O)C1OC(=O)CCCCCCC\C=C/CCCCCC)C(O)=O)OC(=O)CCCCCCCCCCCCC;BLVXPHPCFBKIQD-QOCHGBHMNA-N;C53H96O12",0,0,0,0,0,0,0,"10.9828902777778","11.2828902777778","18589","","MSDIAL_ADGGA 16:1_14:0_14:0;[M+NH4]+;CCCCCCCCCCCCCC(=O)OCC(COC1OC(C(O)C(O)C1OC(=O)CCCCCCC\C=C/CCCCCC)C(O)=O)OC(=O)CCCCCCCCCCCCC;BLVXPHPCFBKIQD-QOCHGBHMNA-N;C53H96O12",0,0,0,0,0,0,0,"10.9828902777778","11.2828902777778","18589","","MSDIAL_ADGGA 16:1_14:0_14:0;[M+NH4]+;CCCCCCCCCCCCCC(=O)OCC(COC1OC(C(O)C(O)C1OC(=O)CCCCCCC\C=C/CCCCCC)C(O)=O)OC(=O)CCCCCCCCCCCCC;BLVXPHPCFBKIQD-QOCHGBHMNA-N;C53H96O12",0,0,0,0,0,0,0,"10.9828902777778","11.2828902777778","18589","","MSDIAL_ADGGA 16:1_14:0_14:0;[M+NH4]+;CCCCCCCCCCCCCC(=O)OCC(COC1OC(C(O)C(O)C1OC(=O)CCCCCCC\C=C/CCCCCC)C(O)=O)OC(=O)CCCCCCCCCCCCC;BLVXPHPCFBKIQD-QOCHGBHMNA-N;C53H96O12",0,0,0,0,0,0,0,"10.9828902777778","11.2828902777778","18589","","MSDIAL_ADGGA 16:1_14:0_14:0;[M+NH4]+;CCCCCCCCCCCCCC(=O)OCC(COC1OC(C(O)C(O)C1OC(=O)CCCCCCC\C=C/CCCCCC)C(O)=O)OC(=O)CCCCCCCCCCCCC;BLVXPHPCFBKIQD-QOCHGBHMNA-N;C53H96O12",0,0,0,0,0,0,0,"10.9828902777778","11.2828902777778","18589","","MSDIAL_ADGGA 16:1_14:0_14:0;[M+NH4]+;CCCCCCCCCCCCCC(=O)OCC(COC1OC(C(O)C(O)C1OC(=O)CCCCCCC\C=C/CCCCCC)C(O)=O)OC(=O)CCCCCCCCCCCCC;BLVXPHPCFBKIQD-QOCHGBHMNA-N;C53H96O12","942.72400","413.2534","285.2424","237.2224","942.7240","495.4408","  1.0000","10.9828902777778","11.2828902777778","18589"
"","MSDIAL_ADGGA 20:1_14:0_14:0;[M+NH4]+;CCCCCCCCCCCCCC(=O)OCC(COC1OC(C(O)C(O)C1OC(=O)CCCCCCCCC\C=C/CCCCCCCC)C(O)=O)OC(=O)CCCCCCCCCCCCC;RIYHRGUBEQTVHM-VHXPQNKSNA-N;C57H104O12",0,0,0,0,0,0,0,"14.6851348484848","14.9851348484848","13522","","MSDIAL_ADGGA 20:1_14:0_14:0;[M+NH4]+;CCCCCCCCCCCCCC(=O)OCC(COC1OC(C(O)C(O)C1OC(=O)CCCCCCCCC\C=C/CCCCCCCC)C(O)=O)OC(=O)CCCCCCCCCCCCC;RIYHRGUBEQTVHM-VHXPQNKSNA-N;C57H104O12",0,0,0,0,0,0,0,"14.6851348484848","14.9851348484848","13522","","MSDIAL_ADGGA 20:1_14:0_14:0;[M+NH4]+;CCCCCCCCCCCCCC(=O)OCC(COC1OC(C(O)C(O)C1OC(=O)CCCCCCCCC\C=C/CCCCCCCC)C(O)=O)OC(=O)CCCCCCCCCCCCC;RIYHRGUBEQTVHM-VHXPQNKSNA-N;C57H104O12",0,0,0,0,0,0,0,"14.6851348484848","14.9851348484848","13522","","MSDIAL_ADGGA 20:1_14:0_14:0;[M+NH4]+;CCCCCCCCCCCCCC(=O)OCC(COC1OC(C(O)C(O)C1OC(=O)CCCCCCCCC\C=C/CCCCCCCC)C(O)=O)OC(=O)CCCCCCCCCCCCC;RIYHRGUBEQTVHM-VHXPQNKSNA-N;C57H104O12",0,0,0,0,0,0,0,"14.6851348484848","14.9851348484848","13522","","MSDIAL_ADGGA 20:1_14:0_14:0;[M+NH4]+;CCCCCCCCCCCCCC(=O)OCC(COC1OC(C(O)C(O)C1OC(=O)CCCCCCCCC\C=C/CCCCCCCC)C(O)=O)OC(=O)CCCCCCCCCCCCC;RIYHRGUBEQTVHM-VHXPQNKSNA-N;C57H104O12",0,0,0,0,0,0,0,"14.6851348484848","14.9851348484848","13522","","MSDIAL_ADGGA 20:1_14:0_14:0;[M+NH4]+;CCCCCCCCCCCCCC(=O)OCC(COC1OC(C(O)C(O)C1OC(=O)CCCCCCCCC\C=C/CCCCCCCC)C(O)=O)OC(=O)CCCCCCCCCCCCC;RIYHRGUBEQTVHM-VHXPQNKSNA-N;C57H104O12","998.78660","469.3160","285.2424","293.2850","998.7866","495.4408","  1.0000","14.6851348484848","14.9851348484848","13522"
"","MSDIAL_ADGGA 16:0_14:0_14:1;[M+NH4]+;CCCCCCCCCCCCCCCC(=O)OC1C(OCC(COC(=O)CCCCCCC\C=C/CCCC)OC(=O)CCCCCCCCCCCCC)OC(C(O)C1O)C(O)=O;OUZAVSDQGZLFCM-VKAVYKQENA-N;C53H96O12",0,0,0,0,0,0,0,"10.9828902777778","11.2828902777778","18589","","MSDIAL_ADGGA 16:0_14:0_14:1;[M+NH4]+;CCCCCCCCCCCCCCCC(=O)OC1C(OCC(COC(=O)CCCCCCC\C=C/CCCC)OC(=O)CCCCCCCCCCCCC)OC(C(O)C1O)C(O)=O;OUZAVSDQGZLFCM-VKAVYKQENA-N;C53H96O12",0,0,0,0,0,0,0,"10.9828902777778","11.2828902777778","18589","","MSDIAL_ADGGA 16:0_14:0_14:1;[M+NH4]+;CCCCCCCCCCCCCCCC(=O)OC1C(OCC(COC(=O)CCCCCCC\C=C/CCCC)OC(=O)CCCCCCCCCCCCC)OC(C(O)C1O)C(O)=O;OUZAVSDQGZLFCM-VKAVYKQENA-N;C53H96O12",0,0,0,0,0,0,0,"10.9828902777778","11.2828902777778","18589","","MSDIAL_ADGGA 16:0_14:0_14:1;[M+NH4]+;CCCCCCCCCCCCCCCC(=O)OC1C(OCC(COC(=O)CCCCCCC\C=C/CCCC)OC(=O)CCCCCCCCCCCCC)OC(C(O)C1O)C(O)=O;OUZAVSDQGZLFCM-VKAVYKQENA-N;C53H96O12",0,0,0,0,0,0,0,"10.9828902777778","11.2828902777778","18589","","MSDIAL_ADGGA 16:0_14:0_14:1;[M+NH4]+;CCCCCCCCCCCCCCCC(=O)OC1C(OCC(COC(=O)CCCCCCC\C=C/CCCC)OC(=O)CCCCCCCCCCCCC)OC(C(O)C1O)C(O)=O;OUZAVSDQGZLFCM-VKAVYKQENA-N;C53H96O12",0,0,0,0,0,0,0,"10.9828902777778","11.2828902777778","18589","","MSDIAL_ADGGA 16:0_14:0_14:1;[M+NH4]+;CCCCCCCCCCCCCCCC(=O)OC1C(OCC(COC(=O)CCCCCCC\C=C/CCCC)OC(=O)CCCCCCCCCCCCC)OC(C(O)C1O)C(O)=O;OUZAVSDQGZLFCM-VKAVYKQENA-N;C53H96O12","942.72400","415.2690","239.2380","283.2268","285.2424","942.7240","493.4251","10.9828902777778","11.2828902777778","18589"
"","MSDIAL_ADGGA 20:0_14:0_14:1;[M+NH4]+;CCCCCCCCCCCCCCCCCCCC(=O)OC1C(OCC(COC(=O)CCCCCCC\C=C/CCCC)OC(=O)CCCCCCCCCCCCC)OC(C(O)C1O)C(O)=O;ODMASGHKHRVHFN-VKAVYKQENA-N;C57H104O12",0,0,0,0,0,0,0,"14.6851348484848","14.9851348484848","13522","","MSDIAL_ADGGA 20:0_14:0_14:1;[M+NH4]+;CCCCCCCCCCCCCCCCCCCC(=O)OC1C(OCC(COC(=O)CCCCCCC\C=C/CCCC)OC(=O)CCCCCCCCCCCCC)OC(C(O)C1O)C(O)=O;ODMASGHKHRVHFN-VKAVYKQENA-N;C57H104O12",0,0,0,0,0,0,0,"14.6851348484848","14.9851348484848","13522","","MSDIAL_ADGGA 20:0_14:0_14:1;[M+NH4]+;CCCCCCCCCCCCCCCCCCCC(=O)OC1C(OCC(COC(=O)CCCCCCC\C=C/CCCC)OC(=O)CCCCCCCCCCCCC)OC(C(O)C1O)C(O)=O;ODMASGHKHRVHFN-VKAVYKQENA-N;C57H104O12",0,0,0,0,0,0,0,"14.6851348484848","14.9851348484848","13522","","MSDIAL_ADGGA 20:0_14:0_14:1;[M+NH4]+;CCCCCCCCCCCCCCCCCCCC(=O)OC1C(OCC(COC(=O)CCCCCCC\C=C/CCCC)OC(=O)CCCCCCCCCCCCC)OC(C(O)C1O)C(O)=O;ODMASGHKHRVHFN-VKAVYKQENA-N;C57H104O12",0,0,0,0,0,0,0,"14.6851348484848","14.9851348484848","13522","","MSDIAL_ADGGA 20:0_14:0_14:1;[M+NH4]+;CCCCCCCCCCCCCCCCCCCC(=O)OC1C(OCC(COC(=O)CCCCCCC\C=C/CCCC)OC(=O)CCCCCCCCCCCCC)OC(C(O)C1O)C(O)=O;ODMASGHKHRVHFN-VKAVYKQENA-N;C57H104O12",0,0,0,0,0,0,0,"14.6851348484848","14.9851348484848","13522","","MSDIAL_ADGGA 20:0_14:0_14:1;[M+NH4]+;CCCCCCCCCCCCCCCCCCCC(=O)OC1C(OCC(COC(=O)CCCCCCC\C=C/CCCC)OC(=O)CCCCCCCCCCCCC)OC(C(O)C1O)C(O)=O;ODMASGHKHRVHFN-VKAVYKQENA-N;C57H104O12","998.78660","471.3316","295.3006","283.2268","285.2424","998.7866","493.4251","14.6851348484848","14.9851348484848","13522"
"","MSDIAL_ADGGA 12:0_14:0_16:0;[M+NH4]+;CCCCCCCCCCCCCCCC(=O)OCC(COC1OC(C(O)C(O)C1OC(=O)CCCCCCCCCCC)C(O)=O)OC(=O)CCCCCCCCCCCCC;TWZMTJTVBVFFPD-UHFFFAOYNA-N;C51H94O12",0,0,0,0,0,0,0,"10.6625388888889","10.9625388888889","13652","","MSDIAL_ADGGA 12:0_14:0_16:0;[M+NH4]+;CCCCCCCCCCCCCCCC(=O)OCC(COC1OC(C(O)C(O)C1OC(=O)CCCCCCCCCCC)C(O)=O)OC(=O)CCCCCCCCCCCCC;TWZMTJTVBVFFPD-UHFFFAOYNA-N;C51H94O12",0,0,0,0,0,0,0,"10.6625388888889","10.9625388888889","13652","","MSDIAL_ADGGA 12:0_14:0_16:0;[M+NH4]+;CCCCCCCCCCCCCCCC(=O)OCC(COC1OC(C(O)C(O)C1OC(=O)CCCCCCCCCCC)C(O)=O)OC(=O)CCCCCCCCCCCCC;TWZMTJTVBVFFPD-UHFFFAOYNA-N;C51H94O12",0,0,0,0,0,0,0,"10.6625388888889","10.9625388888889","13652","","MSDIAL_ADGGA 12:0_14:0_16:0;[M+NH4]+;CCCCCCCCCCCCCCCC(=O)OCC(COC1OC(C(O)C(O)C1OC(=O)CCCCCCCCCCC)C(O)=O)OC(=O)CCCCCCCCCCCCC;TWZMTJTVBVFFPD-UHFFFAOYNA-N;C51H94O12",0,0,0,0,0,0,0,"10.6625388888889","10.9625388888889","13652","","MSDIAL_ADGGA 12:0_14:0_16:0;[M+NH4]+;CCCCCCCCCCCCCCCC(=O)OCC(COC1OC(C(O)C(O)C1OC(=O)CCCCCCCCCCC)C(O)=O)OC(=O)CCCCCCCCCCCCC;TWZMTJTVBVFFPD-UHFFFAOYNA-N;C51H94O12",0,0,0,0,0,0,0,"10.6625388888889","10.9625388888889","13652","","MSDIAL_ADGGA 12:0_14:0_16:0;[M+NH4]+;CCCCCCCCCCCCCCCC(=O)OCC(COC1OC(C(O)C(O)C1OC(=O)CCCCCCCCCCC)C(O)=O)OC(=O)CCCCCCCCCCCCC;TWZMTJTVBVFFPD-UHFFFAOYNA-N;C51H94O12","916.70835","359.2064","183.1754","285.2424","313.2737","916.7084","523.4721","10.6625388888889","10.9625388888889","13652"
"","MSDIAL_ADGGA 14:0_14:0_16:0;[M+NH4]+;CCCCCCCCCCCCCCCC(=O)OCC(COC1OC(C(O)C(O)C1OC(=O)CCCCCCCCCCCCC)C(O)=O)OC(=O)CCCCCCCCCCCCC;CRRKCHGOTMLVGE-UHFFFAOYNA-N;C53H98O12",0,0,0,0,0,0,0,"11.23642","11.53642","18528","","MSDIAL_ADGGA 14:0_14:0_16:0;[M+NH4]+;CCCCCCCCCCCCCCCC(=O)OCC(COC1OC(C(O)C(O)C1OC(=O)CCCCCCCCCCCCC)C(O)=O)OC(=O)CCCCCCCCCCCCC;CRRKCHGOTMLVGE-UHFFFAOYNA-N;C53H98O12",0,0,0,0,0,0,0,"11.23642","11.53642","18528","","MSDIAL_ADGGA 14:0_14:0_16:0;[M+NH4]+;CCCCCCCCCCCCCCCC(=O)OCC(COC1OC(C(O)C(O)C1OC(=O)CCCCCCCCCCCCC)C(O)=O)OC(=O)CCCCCCCCCCCCC;CRRKCHGOTMLVGE-UHFFFAOYNA-N;C53H98O12",0,0,0,0,0,0,0,"11.23642","11.53642","18528","","MSDIAL_ADGGA 14:0_14:0_16:0;[M+NH4]+;CCCCCCCCCCCCCCCC(=O)OCC(COC1OC(C(O)C(O)C1OC(=O)CCCCCCCCCCCCC)C(O)=O)OC(=O)CCCCCCCCCCCCC;CRRKCHGOTMLVGE-UHFFFAOYNA-N;C53H98O12",0,0,0,0,0,0,0,"11.23642","11.53642","18528","","MSDIAL_ADGGA 14:0_14:0_16:0;[M+NH4]+;CCCCCCCCCCCCCCCC(=O)OCC(COC1OC(C(O)C(O)C1OC(=O)CCCCCCCCCCCCC)C(O)=O)OC(=O)CCCCCCCCCCCCC;CRRKCHGOTMLVGE-UHFFFAOYNA-N;C53H98O12",0,0,0,0,0,0,0,"11.23642","11.53642","18528","","MSDIAL_ADGGA 14:0_14:0_16:0;[M+NH4]+;CCCCCCCCCCCCCCCC(=O)OCC(COC1OC(C(O)C(O)C1OC(=O)CCCCCCCCCCCCC)C(O)=O)OC(=O)CCCCCCCCCCCCC;CRRKCHGOTMLVGE-UHFFFAOYNA-N;C53H98O12","944.73965","387.2377","211.2067","285.2424","313.2737","944.7396","523.4721","11.23642","11.53642","18528"
"","MSDIAL_ADGGA 14:1_14:0_16:0;[M+NH4]+;CCCCCCCCCCCCCCCC(=O)OCC(COC1OC(C(O)C(O)C1OC(=O)CCCCCCC\C=C/CCCC)C(O)=O)OC(=O)CCCCCCCCCCCCC;LFYZNDSQFSSOQG-SDXDJHTJNA-N;C53H96O12",0,0,0,0,0,0,0,"10.9828902777778","11.2828902777778","18589","","MSDIAL_ADGGA 14:1_14:0_16:0;[M+NH4]+;CCCCCCCCCCCCCCCC(=O)OCC(COC1OC(C(O)C(O)C1OC(=O)CCCCCCC\C=C/CCCC)C(O)=O)OC(=O)CCCCCCCCCCCCC;LFYZNDSQFSSOQG-SDXDJHTJNA-N;C53H96O12",0,0,0,0,0,0,0,"10.9828902777778","11.2828902777778","18589","","MSDIAL_ADGGA 14:1_14:0_16:0;[M+NH4]+;CCCCCCCCCCCCCCCC(=O)OCC(COC1OC(C(O)C(O)C1OC(=O)CCCCCCC\C=C/CCCC)C(O)=O)OC(=O)CCCCCCCCCCCCC;LFYZNDSQFSSOQG-SDXDJHTJNA-N;C53H96O12",0,0,0,0,0,0,0,"10.9828902777778","11.2828902777778","18589","","MSDIAL_ADGGA 14:1_14:0_16:0;[M+NH4]+;CCCCCCCCCCCCCCCC(=O)OCC(COC1OC(C(O)C(O)C1OC(=O)CCCCCCC\C=C/CCCC)C(O)=O)OC(=O)CCCCCCCCCCCCC;LFYZNDSQFSSOQG-SDXDJHTJNA-N;C53H96O12",0,0,0,0,0,0,0,"10.9828902777778","11.2828902777778","18589","","MSDIAL_ADGGA 14:1_14:0_16:0;[M+NH4]+;CCCCCCCCCCCCCCCC(=O)OCC(COC1OC(C(O)C(O)C1OC(=O)CCCCCCC\C=C/CCCC)C(O)=O)OC(=O)CCCCCCCCCCCCC;LFYZNDSQFSSOQG-SDXDJHTJNA-N;C53H96O12",0,0,0,0,0,0,0,"10.9828902777778","11.2828902777778","18589","","MSDIAL_ADGGA 14:1_14:0_16:0;[M+NH4]+;CCCCCCCCCCCCCCCC(=O)OCC(COC1OC(C(O)C(O)C1OC(=O)CCCCCCC\C=C/CCCC)C(O)=O)OC(=O)CCCCCCCCCCCCC;LFYZNDSQFSSOQG-SDXDJHTJNA-N;C53H96O12","942.72400","385.2221","209.1911","285.2424","313.2737","942.7240","523.4721","10.9828902777778","11.2828902777778","18589"
"","MSDIAL_ADGGA 18:1_14:0_16:0;[M+NH4]+;CCCCCCCCCCCCCCCC(=O)OCC(COC1OC(C(O)C(O)C1OC(=O)CCCCCCC\C=C/CCCCCCCC)C(O)=O)OC(=O)CCCCCCCCCCCCC;AWVRZNWUUJEFOR-IZHYLOQSNA-N;C57H104O12",0,0,0,0,0,0,0,"14.6851348484848","14.9851348484848","13522","","MSDIAL_ADGGA 18:1_14:0_16:0;[M+NH4]+;CCCCCCCCCCCCCCCC(=O)OCC(COC1OC(C(O)C(O)C1OC(=O)CCCCCCC\C=C/CCCCCCCC)C(O)=O)OC(=O)CCCCCCCCCCCCC;AWVRZNWUUJEFOR-IZHYLOQSNA-N;C57H104O12",0,0,0,0,0,0,0,"14.6851348484848","14.9851348484848","13522","","MSDIAL_ADGGA 18:1_14:0_16:0;[M+NH4]+;CCCCCCCCCCCCCCCC(=O)OCC(COC1OC(C(O)C(O)C1OC(=O)CCCCCCC\C=C/CCCCCCCC)C(O)=O)OC(=O)CCCCCCCCCCCCC;AWVRZNWUUJEFOR-IZHYLOQSNA-N;C57H104O12",0,0,0,0,0,0,0,"14.6851348484848","14.9851348484848","13522","","MSDIAL_ADGGA 18:1_14:0_16:0;[M+NH4]+;CCCCCCCCCCCCCCCC(=O)OCC(COC1OC(C(O)C(O)C1OC(=O)CCCCCCC\C=C/CCCCCCCC)C(O)=O)OC(=O)CCCCCCCCCCCCC;AWVRZNWUUJEFOR-IZHYLOQSNA-N;C57H104O12",0,0,0,0,0,0,0,"14.6851348484848","14.9851348484848","13522","","MSDIAL_ADGGA 18:1_14:0_16:0;[M+NH4]+;CCCCCCCCCCCCCCCC(=O)OCC(COC1OC(C(O)C(O)C1OC(=O)CCCCCCC\C=C/CCCCCCCC)C(O)=O)OC(=O)CCCCCCCCCCCCC;AWVRZNWUUJEFOR-IZHYLOQSNA-N;C57H104O12",0,0,0,0,0,0,0,"14.6851348484848","14.9851348484848","13522","","MSDIAL_ADGGA 18:1_14:0_16:0;[M+NH4]+;CCCCCCCCCCCCCCCC(=O)OCC(COC1OC(C(O)C(O)C1OC(=O)CCCCCCC\C=C/CCCCCCCC)C(O)=O)OC(=O)CCCCCCCCCCCCC;AWVRZNWUUJEFOR-IZHYLOQSNA-N;C57H104O12","998.78660","441.2847","265.2537","285.2424","313.2737","998.7866","523.4721","14.6851348484848","14.9851348484848","13522"
"","MSDIAL_ADGGA 14:0_14:0_16:1;[M+NH4]+;CCCCCCCCCCCCCC(=O)OC(COC1OC(C(O)C(O)C1OC(=O)CCCCCCCCCCCCC)C(O)=O)COC(=O)CCCCCCC\C=C/CCCCCC;QHKXBKRPXMYJBC-QOCHGBHMNA-N;C53H96O12",0,0,0,0,0,0,0,"10.9828902777778","11.2828902777778","18589","","MSDIAL_ADGGA 14:0_14:0_16:1;[M+NH4]+;CCCCCCCCCCCCCC(=O)OC(COC1OC(C(O)C(O)C1OC(=O)CCCCCCCCCCCCC)C(O)=O)COC(=O)CCCCCCC\C=C/CCCCCC;QHKXBKRPXMYJBC-QOCHGBHMNA-N;C53H96O12",0,0,0,0,0,0,0,"10.9828902777778","11.2828902777778","18589","","MSDIAL_ADGGA 14:0_14:0_16:1;[M+NH4]+;CCCCCCCCCCCCCC(=O)OC(COC1OC(C(O)C(O)C1OC(=O)CCCCCCCCCCCCC)C(O)=O)COC(=O)CCCCCCC\C=C/CCCCCC;QHKXBKRPXMYJBC-QOCHGBHMNA-N;C53H96O12",0,0,0,0,0,0,0,"10.9828902777778","11.2828902777778","18589","","MSDIAL_ADGGA 14:0_14:0_16:1;[M+NH4]+;CCCCCCCCCCCCCC(=O)OC(COC1OC(C(O)C(O)C1OC(=O)CCCCCCCCCCCCC)C(O)=O)COC(=O)CCCCCCC\C=C/CCCCCC;QHKXBKRPXMYJBC-QOCHGBHMNA-N;C53H96O12",0,0,0,0,0,0,0,"10.9828902777778","11.2828902777778","18589","","MSDIAL_ADGGA 14:0_14:0_16:1;[M+NH4]+;CCCCCCCCCCCCCC(=O)OC(COC1OC(C(O)C(O)C1OC(=O)CCCCCCCCCCCCC)C(O)=O)COC(=O)CCCCCCC\C=C/CCCCCC;QHKXBKRPXMYJBC-QOCHGBHMNA-N;C53H96O12",0,0,0,0,0,0,0,"10.9828902777778","11.2828902777778","18589","","MSDIAL_ADGGA 14:0_14:0_16:1;[M+NH4]+;CCCCCCCCCCCCCC(=O)OC(COC1OC(C(O)C(O)C1OC(=O)CCCCCCCCCCCCC)C(O)=O)COC(=O)CCCCCCC\C=C/CCCCCC;QHKXBKRPXMYJBC-QOCHGBHMNA-N;C53H96O12","942.72400","387.2377","211.2067","285.2424","311.2581","942.7240","521.4564","10.9828902777778","11.2828902777778","18589"
"","MSDIAL_ADGGA 18:0_14:0_16:1;[M+NH4]+;CCCCCCCCCCCCCCCCCC(=O)OC1C(OCC(COC(=O)CCCCCCC\C=C/CCCCCC)OC(=O)CCCCCCCCCCCCC)OC(C(O)C1O)C(O)=O;SSSSDPVHPJQXGR-ATJXCDBQNA-N;C57H104O12",0,0,0,0,0,0,0,"14.6851348484848","14.9851348484848","13522","","MSDIAL_ADGGA 18:0_14:0_16:1;[M+NH4]+;CCCCCCCCCCCCCCCCCC(=O)OC1C(OCC(COC(=O)CCCCCCC\C=C/CCCCCC)OC(=O)CCCCCCCCCCCCC)OC(C(O)C1O)C(O)=O;SSSSDPVHPJQXGR-ATJXCDBQNA-N;C57H104O12",0,0,0,0,0,0,0,"14.6851348484848","14.9851348484848","13522","","MSDIAL_ADGGA 18:0_14:0_16:1;[M+NH4]+;CCCCCCCCCCCCCCCCCC(=O)OC1C(OCC(COC(=O)CCCCCCC\C=C/CCCCCC)OC(=O)CCCCCCCCCCCCC)OC(C(O)C1O)C(O)=O;SSSSDPVHPJQXGR-ATJXCDBQNA-N;C57H104O12",0,0,0,0,0,0,0,"14.6851348484848","14.9851348484848","13522","","MSDIAL_ADGGA 18:0_14:0_16:1;[M+NH4]+;CCCCCCCCCCCCCCCCCC(=O)OC1C(OCC(COC(=O)CCCCCCC\C=C/CCCCCC)OC(=O)CCCCCCCCCCCCC)OC(C(O)C1O)C(O)=O;SSSSDPVHPJQXGR-ATJXCDBQNA-N;C57H104O12",0,0,0,0,0,0,0,"14.6851348484848","14.9851348484848","13522","","MSDIAL_ADGGA 18:0_14:0_16:1;[M+NH4]+;CCCCCCCCCCCCCCCCCC(=O)OC1C(OCC(COC(=O)CCCCCCC\C=C/CCCCCC)OC(=O)CCCCCCCCCCCCC)OC(C(O)C1O)C(O)=O;SSSSDPVHPJQXGR-ATJXCDBQNA-N;C57H104O12",0,0,0,0,0,0,0,"14.6851348484848","14.9851348484848","13522","","MSDIAL_ADGGA 18:0_14:0_16:1;[M+NH4]+;CCCCCCCCCCCCCCCCCC(=O)OC1C(OCC(COC(=O)CCCCCCC\C=C/CCCCCC)OC(=O)CCCCCCCCCCCCC)OC(C(O)C1O)C(O)=O;SSSSDPVHPJQXGR-ATJXCDBQNA-N;C57H104O12","998.78660","443.3003","267.2693","285.2424","311.2581","998.7866","521.4564","14.6851348484848","14.9851348484848","13522"
"","MSDIAL_ADGGA 12:0_14:0_18:0;[M+NH4]+;CCCCCCCCCCCCCCCCCC(=O)OCC(COC1OC(C(O)C(O)C1OC(=O)CCCCCCCCCCC)C(O)=O)OC(=O)CCCCCCCCCCCCC;BNHYRPXEQIIMDP-UHFFFAOYNA-N;C53H98O12",0,0,0,0,0,0,0,"11.23642","11.53642","18528","","MSDIAL_ADGGA 12:0_14:0_18:0;[M+NH4]+;CCCCCCCCCCCCCCCCCC(=O)OCC(COC1OC(C(O)C(O)C1OC(=O)CCCCCCCCCCC)C(O)=O)OC(=O)CCCCCCCCCCCCC;BNHYRPXEQIIMDP-UHFFFAOYNA-N;C53H98O12",0,0,0,0,0,0,0,"11.23642","11.53642","18528","","MSDIAL_ADGGA 12:0_14:0_18:0;[M+NH4]+;CCCCCCCCCCCCCCCCCC(=O)OCC(COC1OC(C(O)C(O)C1OC(=O)CCCCCCCCCCC)C(O)=O)OC(=O)CCCCCCCCCCCCC;BNHYRPXEQIIMDP-UHFFFAOYNA-N;C53H98O12",0,0,0,0,0,0,0,"11.23642","11.53642","18528","","MSDIAL_ADGGA 12:0_14:0_18:0;[M+NH4]+;CCCCCCCCCCCCCCCCCC(=O)OCC(COC1OC(C(O)C(O)C1OC(=O)CCCCCCCCCCC)C(O)=O)OC(=O)CCCCCCCCCCCCC;BNHYRPXEQIIMDP-UHFFFAOYNA-N;C53H98O12",0,0,0,0,0,0,0,"11.23642","11.53642","18528","","MSDIAL_ADGGA 12:0_14:0_18:0;[M+NH4]+;CCCCCCCCCCCCCCCCCC(=O)OCC(COC1OC(C(O)C(O)C1OC(=O)CCCCCCCCCCC)C(O)=O)OC(=O)CCCCCCCCCCCCC;BNHYRPXEQIIMDP-UHFFFAOYNA-N;C53H98O12",0,0,0,0,0,0,0,"11.23642","11.53642","18528","","MSDIAL_ADGGA 12:0_14:0_18:0;[M+NH4]+;CCCCCCCCCCCCCCCCCC(=O)OCC(COC1OC(C(O)C(O)C1OC(=O)CCCCCCCCCCC)C(O)=O)OC(=O)CCCCCCCCCCCCC;BNHYRPXEQIIMDP-UHFFFAOYNA-N;C53H98O12","944.73965","359.2064","183.1754","285.2424","341.3051","944.7396","551.5034","11.23642","11.53642","18528"
"","MSDIAL_ADGGA 16:1_14:0_18:0;[M+NH4]+;CCCCCCCCCCCCCCCCCC(=O)OCC(COC1OC(C(O)C(O)C1OC(=O)CCCCCCC\C=C/CCCCCC)C(O)=O)OC(=O)CCCCCCCCCCCCC;AJWJYLWJNIWLDA-ATJXCDBQNA-N;C57H104O12",0,0,0,0,0,0,0,"14.6851348484848","14.9851348484848","13522","","MSDIAL_ADGGA 16:1_14:0_18:0;[M+NH4]+;CCCCCCCCCCCCCCCCCC(=O)OCC(COC1OC(C(O)C(O)C1OC(=O)CCCCCCC\C=C/CCCCCC)C(O)=O)OC(=O)CCCCCCCCCCCCC;AJWJYLWJNIWLDA-ATJXCDBQNA-N;C57H104O12",0,0,0,0,0,0,0,"14.6851348484848","14.9851348484848","13522","","MSDIAL_ADGGA 16:1_14:0_18:0;[M+NH4]+;CCCCCCCCCCCCCCCCCC(=O)OCC(COC1OC(C(O)C(O)C1OC(=O)CCCCCCC\C=C/CCCCCC)C(O)=O)OC(=O)CCCCCCCCCCCCC;AJWJYLWJNIWLDA-ATJXCDBQNA-N;C57H104O12",0,0,0,0,0,0,0,"14.6851348484848","14.9851348484848","13522","","MSDIAL_ADGGA 16:1_14:0_18:0;[M+NH4]+;CCCCCCCCCCCCCCCCCC(=O)OCC(COC1OC(C(O)C(O)C1OC(=O)CCCCCCC\C=C/CCCCCC)C(O)=O)OC(=O)CCCCCCCCCCCCC;AJWJYLWJNIWLDA-ATJXCDBQNA-N;C57H104O12",0,0,0,0,0,0,0,"14.6851348484848","14.9851348484848","13522","","MSDIAL_ADGGA 16:1_14:0_18:0;[M+NH4]+;CCCCCCCCCCCCCCCCCC(=O)OCC(COC1OC(C(O)C(O)C1OC(=O)CCCCCCC\C=C/CCCCCC)C(O)=O)OC(=O)CCCCCCCCCCCCC;AJWJYLWJNIWLDA-ATJXCDBQNA-N;C57H104O12",0,0,0,0,0,0,0,"14.6851348484848","14.9851348484848","13522","","MSDIAL_ADGGA 16:1_14:0_18:0;[M+NH4]+;CCCCCCCCCCCCCCCCCC(=O)OCC(COC1OC(C(O)C(O)C1OC(=O)CCCCCCC\C=C/CCCCCC)C(O)=O)OC(=O)CCCCCCCCCCCCC;AJWJYLWJNIWLDA-ATJXCDBQNA-N;C57H104O12","998.78660","413.2534","237.2224","285.2424","341.3051","998.7866","551.5034","14.6851348484848","14.9851348484848","13522"
"","MSDIAL_ADGGA 12:0_14:0_18:1;[M+NH4]+;CCCCCCCCCCCCCC(=O)OC(COC1OC(C(O)C(O)C1OC(=O)CCCCCCCCCCC)C(O)=O)COC(=O)CCCCCCC\C=C/CCCCCCCC;GVVVUDMDLULXIO-FCQUAONHNA-N;C53H96O12",0,0,0,0,0,0,0,"10.9828902777778","11.2828902777778","18589","","MSDIAL_ADGGA 12:0_14:0_18:1;[M+NH4]+;CCCCCCCCCCCCCC(=O)OC(COC1OC(C(O)C(O)C1OC(=O)CCCCCCCCCCC)C(O)=O)COC(=O)CCCCCCC\C=C/CCCCCCCC;GVVVUDMDLULXIO-FCQUAONHNA-N;C53H96O12",0,0,0,0,0,0,0,"10.9828902777778","11.2828902777778","18589","","MSDIAL_ADGGA 12:0_14:0_18:1;[M+NH4]+;CCCCCCCCCCCCCC(=O)OC(COC1OC(C(O)C(O)C1OC(=O)CCCCCCCCCCC)C(O)=O)COC(=O)CCCCCCC\C=C/CCCCCCCC;GVVVUDMDLULXIO-FCQUAONHNA-N;C53H96O12",0,0,0,0,0,0,0,"10.9828902777778","11.2828902777778","18589","","MSDIAL_ADGGA 12:0_14:0_18:1;[M+NH4]+;CCCCCCCCCCCCCC(=O)OC(COC1OC(C(O)C(O)C1OC(=O)CCCCCCCCCCC)C(O)=O)COC(=O)CCCCCCC\C=C/CCCCCCCC;GVVVUDMDLULXIO-FCQUAONHNA-N;C53H96O12",0,0,0,0,0,0,0,"10.9828902777778","11.2828902777778","18589","","MSDIAL_ADGGA 12:0_14:0_18:1;[M+NH4]+;CCCCCCCCCCCCCC(=O)OC(COC1OC(C(O)C(O)C1OC(=O)CCCCCCCCCCC)C(O)=O)COC(=O)CCCCCCC\C=C/CCCCCCCC;GVVVUDMDLULXIO-FCQUAONHNA-N;C53H96O12",0,0,0,0,0,0,0,"10.9828902777778","11.2828902777778","18589","","MSDIAL_ADGGA 12:0_14:0_18:1;[M+NH4]+;CCCCCCCCCCCCCC(=O)OC(COC1OC(C(O)C(O)C1OC(=O)CCCCCCCCCCC)C(O)=O)COC(=O)CCCCCCC\C=C/CCCCCCCC;GVVVUDMDLULXIO-FCQUAONHNA-N;C53H96O12","942.72400","359.2064","183.1754","285.2424","339.2894","942.7240","549.4877","10.9828902777778","11.2828902777778","18589"
"","MSDIAL_ADGGA 16:0_14:0_18:1;[M+NH4]+;CCCCCCCCCCCCCCCC(=O)OC1C(OCC(COC(=O)CCCCCCC\C=C/CCCCCCCC)OC(=O)CCCCCCCCCCCCC)OC(C(O)C1O)C(O)=O;UUIZKACYAIGSEF-IZHYLOQSNA-N;C57H104O12",0,0,0,0,0,0,0,"14.6851348484848","14.9851348484848","13522","","MSDIAL_ADGGA 16:0_14:0_18:1;[M+NH4]+;CCCCCCCCCCCCCCCC(=O)OC1C(OCC(COC(=O)CCCCCCC\C=C/CCCCCCCC)OC(=O)CCCCCCCCCCCCC)OC(C(O)C1O)C(O)=O;UUIZKACYAIGSEF-IZHYLOQSNA-N;C57H104O12",0,0,0,0,0,0,0,"14.6851348484848","14.9851348484848","13522","","MSDIAL_ADGGA 16:0_14:0_18:1;[M+NH4]+;CCCCCCCCCCCCCCCC(=O)OC1C(OCC(COC(=O)CCCCCCC\C=C/CCCCCCCC)OC(=O)CCCCCCCCCCCCC)OC(C(O)C1O)C(O)=O;UUIZKACYAIGSEF-IZHYLOQSNA-N;C57H104O12",0,0,0,0,0,0,0,"14.6851348484848","14.9851348484848","13522","","MSDIAL_ADGGA 16:0_14:0_18:1;[M+NH4]+;CCCCCCCCCCCCCCCC(=O)OC1C(OCC(COC(=O)CCCCCCC\C=C/CCCCCCCC)OC(=O)CCCCCCCCCCCCC)OC(C(O)C1O)C(O)=O;UUIZKACYAIGSEF-IZHYLOQSNA-N;C57H104O12",0,0,0,0,0,0,0,"14.6851348484848","14.9851348484848","13522","","MSDIAL_ADGGA 16:0_14:0_18:1;[M+NH4]+;CCCCCCCCCCCCCCCC(=O)OC1C(OCC(COC(=O)CCCCCCC\C=C/CCCCCCCC)OC(=O)CCCCCCCCCCCCC)OC(C(O)C1O)C(O)=O;UUIZKACYAIGSEF-IZHYLOQSNA-N;C57H104O12",0,0,0,0,0,0,0,"14.6851348484848","14.9851348484848","13522","","MSDIAL_ADGGA 16:0_14:0_18:1;[M+NH4]+;CCCCCCCCCCCCCCCC(=O)OC1C(OCC(COC(=O)CCCCCCC\C=C/CCCCCCCC)OC(=O)CCCCCCCCCCCCC)OC(C(O)C1O)C(O)=O;UUIZKACYAIGSEF-IZHYLOQSNA-N;C57H104O12","998.78660","415.2690","239.2380","285.2424","339.2894","998.7866","549.4877","14.6851348484848","14.9851348484848","13522"
"","MSDIAL_ADGGA 14:1_14:0_20:0;[M+NH4]+;CCCCCCCCCCCCCCCCCCCC(=O)OCC(COC1OC(C(O)C(O)C1OC(=O)CCCCCCC\C=C/CCCC)C(O)=O)OC(=O)CCCCCCCCCCCCC;XKRRAWZPTGASAP-SDXDJHTJNA-N;C57H104O12",0,0,0,0,0,0,0,"14.6851348484848","14.9851348484848","13522","","MSDIAL_ADGGA 14:1_14:0_20:0;[M+NH4]+;CCCCCCCCCCCCCCCCCCCC(=O)OCC(COC1OC(C(O)C(O)C1OC(=O)CCCCCCC\C=C/CCCC)C(O)=O)OC(=O)CCCCCCCCCCCCC;XKRRAWZPTGASAP-SDXDJHTJNA-N;C57H104O12",0,0,0,0,0,0,0,"14.6851348484848","14.9851348484848","13522","","MSDIAL_ADGGA 14:1_14:0_20:0;[M+NH4]+;CCCCCCCCCCCCCCCCCCCC(=O)OCC(COC1OC(C(O)C(O)C1OC(=O)CCCCCCC\C=C/CCCC)C(O)=O)OC(=O)CCCCCCCCCCCCC;XKRRAWZPTGASAP-SDXDJHTJNA-N;C57H104O12",0,0,0,0,0,0,0,"14.6851348484848","14.9851348484848","13522","","MSDIAL_ADGGA 14:1_14:0_20:0;[M+NH4]+;CCCCCCCCCCCCCCCCCCCC(=O)OCC(COC1OC(C(O)C(O)C1OC(=O)CCCCCCC\C=C/CCCC)C(O)=O)OC(=O)CCCCCCCCCCCCC;XKRRAWZPTGASAP-SDXDJHTJNA-N;C57H104O12",0,0,0,0,0,0,0,"14.6851348484848","14.9851348484848","13522","","MSDIAL_ADGGA 14:1_14:0_20:0;[M+NH4]+;CCCCCCCCCCCCCCCCCCCC(=O)OCC(COC1OC(C(O)C(O)C1OC(=O)CCCCCCC\C=C/CCCC)C(O)=O)OC(=O)CCCCCCCCCCCCC;XKRRAWZPTGASAP-SDXDJHTJNA-N;C57H104O12",0,0,0,0,0,0,0,"14.6851348484848","14.9851348484848","13522","","MSDIAL_ADGGA 14:1_14:0_20:0;[M+NH4]+;CCCCCCCCCCCCCCCCCCCC(=O)OCC(COC1OC(C(O)C(O)C1OC(=O)CCCCCCC\C=C/CCCC)C(O)=O)OC(=O)CCCCCCCCCCCCC;XKRRAWZPTGASAP-SDXDJHTJNA-N;C57H104O12","998.78660","385.2221","209.1911","285.2424","369.3363","998.7866","579.5347","14.6851348484848","14.9851348484848","13522"
"","MSDIAL_ADGGA 14:0_14:0_20:1;[M+NH4]+;CCCCCCCCCCCCCC(=O)OC(COC1OC(C(O)C(O)C1OC(=O)CCCCCCCCCCCCC)C(O)=O)COC(=O)CCCCCCCCC\C=C/CCCCCCCC;OBPBCBRMWQDING-VHXPQNKSNA-N;C57H104O12",0,0,0,0,0,0,0,"14.6851348484848","14.9851348484848","13522","","MSDIAL_ADGGA 14:0_14:0_20:1;[M+NH4]+;CCCCCCCCCCCCCC(=O)OC(COC1OC(C(O)C(O)C1OC(=O)CCCCCCCCCCCCC)C(O)=O)COC(=O)CCCCCCCCC\C=C/CCCCCCCC;OBPBCBRMWQDING-VHXPQNKSNA-N;C57H104O12",0,0,0,0,0,0,0,"14.6851348484848","14.9851348484848","13522","","MSDIAL_ADGGA 14:0_14:0_20:1;[M+NH4]+;CCCCCCCCCCCCCC(=O)OC(COC1OC(C(O)C(O)C1OC(=O)CCCCCCCCCCCCC)C(O)=O)COC(=O)CCCCCCCCC\C=C/CCCCCCCC;OBPBCBRMWQDING-VHXPQNKSNA-N;C57H104O12",0,0,0,0,0,0,0,"14.6851348484848","14.9851348484848","13522","","MSDIAL_ADGGA 14:0_14:0_20:1;[M+NH4]+;CCCCCCCCCCCCCC(=O)OC(COC1OC(C(O)C(O)C1OC(=O)CCCCCCCCCCCCC)C(O)=O)COC(=O)CCCCCCCCC\C=C/CCCCCCCC;OBPBCBRMWQDING-VHXPQNKSNA-N;C57H104O12",0,0,0,0,0,0,0,"14.6851348484848","14.9851348484848","13522","","MSDIAL_ADGGA 14:0_14:0_20:1;[M+NH4]+;CCCCCCCCCCCCCC(=O)OC(COC1OC(C(O)C(O)C1OC(=O)CCCCCCCCCCCCC)C(O)=O)COC(=O)CCCCCCCCC\C=C/CCCCCCCC;OBPBCBRMWQDING-VHXPQNKSNA-N;C57H104O12",0,0,0,0,0,0,0,"14.6851348484848","14.9851348484848","13522","","MSDIAL_ADGGA 14:0_14:0_20:1;[M+NH4]+;CCCCCCCCCCCCCC(=O)OC(COC1OC(C(O)C(O)C1OC(=O)CCCCCCCCCCCCC)C(O)=O)COC(=O)CCCCCCCCC\C=C/CCCCCCCC;OBPBCBRMWQDING-VHXPQNKSNA-N;C57H104O12","998.78660","387.2377","211.2067","285.2424","367.3207","998.7866","577.5190","14.6851348484848","14.9851348484848","13522"
"","MSDIAL_ADGGA 12:0_14:0_22:1;[M+NH4]+;CCCCCCCCCCCCCC(=O)OC(COC1OC(C(O)C(O)C1OC(=O)CCCCCCCCCCC)C(O)=O)COC(=O)CCCCCCCCCCC\C=C/CCCCCCCC;XADXNMQIORBGDB-FCQUAONHNA-N;C57H104O12",0,0,0,0,0,0,0,"14.6851348484848","14.9851348484848","13522","","MSDIAL_ADGGA 12:0_14:0_22:1;[M+NH4]+;CCCCCCCCCCCCCC(=O)OC(COC1OC(C(O)C(O)C1OC(=O)CCCCCCCCCCC)C(O)=O)COC(=O)CCCCCCCCCCC\C=C/CCCCCCCC;XADXNMQIORBGDB-FCQUAONHNA-N;C57H104O12",0,0,0,0,0,0,0,"14.6851348484848","14.9851348484848","13522","","MSDIAL_ADGGA 12:0_14:0_22:1;[M+NH4]+;CCCCCCCCCCCCCC(=O)OC(COC1OC(C(O)C(O)C1OC(=O)CCCCCCCCCCC)C(O)=O)COC(=O)CCCCCCCCCCC\C=C/CCCCCCCC;XADXNMQIORBGDB-FCQUAONHNA-N;C57H104O12",0,0,0,0,0,0,0,"14.6851348484848","14.9851348484848","13522","","MSDIAL_ADGGA 12:0_14:0_22:1;[M+NH4]+;CCCCCCCCCCCCCC(=O)OC(COC1OC(C(O)C(O)C1OC(=O)CCCCCCCCCCC)C(O)=O)COC(=O)CCCCCCCCCCC\C=C/CCCCCCCC;XADXNMQIORBGDB-FCQUAONHNA-N;C57H104O12",0,0,0,0,0,0,0,"14.6851348484848","14.9851348484848","13522","","MSDIAL_ADGGA 12:0_14:0_22:1;[M+NH4]+;CCCCCCCCCCCCCC(=O)OC(COC1OC(C(O)C(O)C1OC(=O)CCCCCCCCCCC)C(O)=O)COC(=O)CCCCCCCCCCC\C=C/CCCCCCCC;XADXNMQIORBGDB-FCQUAONHNA-N;C57H104O12",0,0,0,0,0,0,0,"14.6851348484848","14.9851348484848","13522","","MSDIAL_ADGGA 12:0_14:0_22:1;[M+NH4]+;CCCCCCCCCCCCCC(=O)OC(COC1OC(C(O)C(O)C1OC(=O)CCCCCCCCCCC)C(O)=O)COC(=O)CCCCCCCCCCC\C=C/CCCCCCCC;XADXNMQIORBGDB-FCQUAONHNA-N;C57H104O12","998.78660","359.2064","183.1754","285.2424","395.3520","998.7866","605.5504","14.6851348484848","14.9851348484848","13522"
"","MSDIAL_ADGGA 14:0_14:1_16:0;[M+NH4]+;CCCCCCCCCCCCCCCC(=O)OCC(COC1OC(C(O)C(O)C1OC(=O)CCCCCCCCCCCCC)C(O)=O)OC(=O)CCCCCCC\C=C/CCCC;CKHWJQVHSRWXEW-VKAVYKQENA-N;C53H96O12",0,0,0,0,0,0,0,"10.9828902777778","11.2828902777778","18589","","MSDIAL_ADGGA 14:0_14:1_16:0;[M+NH4]+;CCCCCCCCCCCCCCCC(=O)OCC(COC1OC(C(O)C(O)C1OC(=O)CCCCCCCCCCCCC)C(O)=O)OC(=O)CCCCCCC\C=C/CCCC;CKHWJQVHSRWXEW-VKAVYKQENA-N;C53H96O12",0,0,0,0,0,0,0,"10.9828902777778","11.2828902777778","18589","","MSDIAL_ADGGA 14:0_14:1_16:0;[M+NH4]+;CCCCCCCCCCCCCCCC(=O)OCC(COC1OC(C(O)C(O)C1OC(=O)CCCCCCCCCCCCC)C(O)=O)OC(=O)CCCCCCC\C=C/CCCC;CKHWJQVHSRWXEW-VKAVYKQENA-N;C53H96O12",0,0,0,0,0,0,0,"10.9828902777778","11.2828902777778","18589","","MSDIAL_ADGGA 14:0_14:1_16:0;[M+NH4]+;CCCCCCCCCCCCCCCC(=O)OCC(COC1OC(C(O)C(O)C1OC(=O)CCCCCCCCCCCCC)C(O)=O)OC(=O)CCCCCCC\C=C/CCCC;CKHWJQVHSRWXEW-VKAVYKQENA-N;C53H96O12",0,0,0,0,0,0,0,"10.9828902777778","11.2828902777778","18589","","MSDIAL_ADGGA 14:0_14:1_16:0;[M+NH4]+;CCCCCCCCCCCCCCCC(=O)OCC(COC1OC(C(O)C(O)C1OC(=O)CCCCCCCCCCCCC)C(O)=O)OC(=O)CCCCCCC\C=C/CCCC;CKHWJQVHSRWXEW-VKAVYKQENA-N;C53H96O12",0,0,0,0,0,0,0,"10.9828902777778","11.2828902777778","18589","","MSDIAL_ADGGA 14:0_14:1_16:0;[M+NH4]+;CCCCCCCCCCCCCCCC(=O)OCC(COC1OC(C(O)C(O)C1OC(=O)CCCCCCCCCCCCC)C(O)=O)OC(=O)CCCCCCC\C=C/CCCC;CKHWJQVHSRWXEW-VKAVYKQENA-N;C53H96O12","942.72400","387.2377","211.2067","283.2268","313.2737","942.7240","521.4564","10.9828902777778","11.2828902777778","18589"
"","MSDIAL_ADGGA 18:0_14:1_16:0;[M+NH4]+;CCCCCCCCCCCCCCCCCC(=O)OC1C(OCC(COC(=O)CCCCCCCCCCCCCCC)OC(=O)CCCCCCC\C=C/CCCC)OC(C(O)C1O)C(O)=O;SHNFIZVMYKUODV-SDXDJHTJNA-N;C57H104O12",0,0,0,0,0,0,0,"14.6851348484848","14.9851348484848","13522","","MSDIAL_ADGGA 18:0_14:1_16:0;[M+NH4]+;CCCCCCCCCCCCCCCCCC(=O)OC1C(OCC(COC(=O)CCCCCCCCCCCCCCC)OC(=O)CCCCCCC\C=C/CCCC)OC(C(O)C1O)C(O)=O;SHNFIZVMYKUODV-SDXDJHTJNA-N;C57H104O12",0,0,0,0,0,0,0,"14.6851348484848","14.9851348484848","13522","","MSDIAL_ADGGA 18:0_14:1_16:0;[M+NH4]+;CCCCCCCCCCCCCCCCCC(=O)OC1C(OCC(COC(=O)CCCCCCCCCCCCCCC)OC(=O)CCCCCCC\C=C/CCCC)OC(C(O)C1O)C(O)=O;SHNFIZVMYKUODV-SDXDJHTJNA-N;C57H104O12",0,0,0,0,0,0,0,"14.6851348484848","14.9851348484848","13522","","MSDIAL_ADGGA 18:0_14:1_16:0;[M+NH4]+;CCCCCCCCCCCCCCCCCC(=O)OC1C(OCC(COC(=O)CCCCCCCCCCCCCCC)OC(=O)CCCCCCC\C=C/CCCC)OC(C(O)C1O)C(O)=O;SHNFIZVMYKUODV-SDXDJHTJNA-N;C57H104O12",0,0,0,0,0,0,0,"14.6851348484848","14.9851348484848","13522","","MSDIAL_ADGGA 18:0_14:1_16:0;[M+NH4]+;CCCCCCCCCCCCCCCCCC(=O)OC1C(OCC(COC(=O)CCCCCCCCCCCCCCC)OC(=O)CCCCCCC\C=C/CCCC)OC(C(O)C1O)C(O)=O;SHNFIZVMYKUODV-SDXDJHTJNA-N;C57H104O12",0,0,0,0,0,0,0,"14.6851348484848","14.9851348484848","13522","","MSDIAL_ADGGA 18:0_14:1_16:0;[M+NH4]+;CCCCCCCCCCCCCCCCCC(=O)OC1C(OCC(COC(=O)CCCCCCCCCCCCCCC)OC(=O)CCCCCCC\C=C/CCCC)OC(C(O)C1O)C(O)=O;SHNFIZVMYKUODV-SDXDJHTJNA-N;C57H104O12","998.78660","443.3003","267.2693","283.2268","313.2737","998.7866","521.4564","14.6851348484848","14.9851348484848","13522"
"","MSDIAL_ADGGA 12:0_14:1_18:0;[M+NH4]+;CCCCCCCCCCCCCCCCCC(=O)OCC(COC1OC(C(O)C(O)C1OC(=O)CCCCCCCCCCC)C(O)=O)OC(=O)CCCCCCC\C=C/CCCC;MBACVJUBASLJKT-VKAVYKQENA-N;C53H96O12",0,0,0,0,0,0,0,"10.9828902777778","11.2828902777778","18589","","MSDIAL_ADGGA 12:0_14:1_18:0;[M+NH4]+;CCCCCCCCCCCCCCCCCC(=O)OCC(COC1OC(C(O)C(O)C1OC(=O)CCCCCCCCCCC)C(O)=O)OC(=O)CCCCCCC\C=C/CCCC;MBACVJUBASLJKT-VKAVYKQENA-N;C53H96O12",0,0,0,0,0,0,0,"10.9828902777778","11.2828902777778","18589","","MSDIAL_ADGGA 12:0_14:1_18:0;[M+NH4]+;CCCCCCCCCCCCCCCCCC(=O)OCC(COC1OC(C(O)C(O)C1OC(=O)CCCCCCCCCCC)C(O)=O)OC(=O)CCCCCCC\C=C/CCCC;MBACVJUBASLJKT-VKAVYKQENA-N;C53H96O12",0,0,0,0,0,0,0,"10.9828902777778","11.2828902777778","18589","","MSDIAL_ADGGA 12:0_14:1_18:0;[M+NH4]+;CCCCCCCCCCCCCCCCCC(=O)OCC(COC1OC(C(O)C(O)C1OC(=O)CCCCCCCCCCC)C(O)=O)OC(=O)CCCCCCC\C=C/CCCC;MBACVJUBASLJKT-VKAVYKQENA-N;C53H96O12",0,0,0,0,0,0,0,"10.9828902777778","11.2828902777778","18589","","MSDIAL_ADGGA 12:0_14:1_18:0;[M+NH4]+;CCCCCCCCCCCCCCCCCC(=O)OCC(COC1OC(C(O)C(O)C1OC(=O)CCCCCCCCCCC)C(O)=O)OC(=O)CCCCCCC\C=C/CCCC;MBACVJUBASLJKT-VKAVYKQENA-N;C53H96O12",0,0,0,0,0,0,0,"10.9828902777778","11.2828902777778","18589","","MSDIAL_ADGGA 12:0_14:1_18:0;[M+NH4]+;CCCCCCCCCCCCCCCCCC(=O)OCC(COC1OC(C(O)C(O)C1OC(=O)CCCCCCCCCCC)C(O)=O)OC(=O)CCCCCCC\C=C/CCCC;MBACVJUBASLJKT-VKAVYKQENA-N;C53H96O12","942.72400","359.2064","183.1754","283.2268","341.3051","942.7240","549.4877","10.9828902777778","11.2828902777778","18589"
"","MSDIAL_ADGGA 16:0_14:1_18:0;[M+NH4]+;CCCCCCCCCCCCCCCCCC(=O)OCC(COC1OC(C(O)C(O)C1OC(=O)CCCCCCCCCCCCCCC)C(O)=O)OC(=O)CCCCCCC\C=C/CCCC;GUMXLMGAKWJFGD-SDXDJHTJNA-N;C57H104O12",0,0,0,0,0,0,0,"14.6851348484848","14.9851348484848","13522","","MSDIAL_ADGGA 16:0_14:1_18:0;[M+NH4]+;CCCCCCCCCCCCCCCCCC(=O)OCC(COC1OC(C(O)C(O)C1OC(=O)CCCCCCCCCCCCCCC)C(O)=O)OC(=O)CCCCCCC\C=C/CCCC;GUMXLMGAKWJFGD-SDXDJHTJNA-N;C57H104O12",0,0,0,0,0,0,0,"14.6851348484848","14.9851348484848","13522","","MSDIAL_ADGGA 16:0_14:1_18:0;[M+NH4]+;CCCCCCCCCCCCCCCCCC(=O)OCC(COC1OC(C(O)C(O)C1OC(=O)CCCCCCCCCCCCCCC)C(O)=O)OC(=O)CCCCCCC\C=C/CCCC;GUMXLMGAKWJFGD-SDXDJHTJNA-N;C57H104O12",0,0,0,0,0,0,0,"14.6851348484848","14.9851348484848","13522","","MSDIAL_ADGGA 16:0_14:1_18:0;[M+NH4]+;CCCCCCCCCCCCCCCCCC(=O)OCC(COC1OC(C(O)C(O)C1OC(=O)CCCCCCCCCCCCCCC)C(O)=O)OC(=O)CCCCCCC\C=C/CCCC;GUMXLMGAKWJFGD-SDXDJHTJNA-N;C57H104O12",0,0,0,0,0,0,0,"14.6851348484848","14.9851348484848","13522","","MSDIAL_ADGGA 16:0_14:1_18:0;[M+NH4]+;CCCCCCCCCCCCCCCCCC(=O)OCC(COC1OC(C(O)C(O)C1OC(=O)CCCCCCCCCCCCCCC)C(O)=O)OC(=O)CCCCCCC\C=C/CCCC;GUMXLMGAKWJFGD-SDXDJHTJNA-N;C57H104O12",0,0,0,0,0,0,0,"14.6851348484848","14.9851348484848","13522","","MSDIAL_ADGGA 16:0_14:1_18:0;[M+NH4]+;CCCCCCCCCCCCCCCCCC(=O)OCC(COC1OC(C(O)C(O)C1OC(=O)CCCCCCCCCCCCCCC)C(O)=O)OC(=O)CCCCCCC\C=C/CCCC;GUMXLMGAKWJFGD-SDXDJHTJNA-N;C57H104O12","998.78660","415.2690","239.2380","283.2268","341.3051","998.7866","549.4877","14.6851348484848","14.9851348484848","13522"
"","MSDIAL_ADGGA 14:0_14:1_20:0;[M+NH4]+;CCCCCCCCCCCCCCCCCCCC(=O)OCC(COC1OC(C(O)C(O)C1OC(=O)CCCCCCCCCCCCC)C(O)=O)OC(=O)CCCCCCC\C=C/CCCC;TUEYERZEUJHDOG-VKAVYKQENA-N;C57H104O12",0,0,0,0,0,0,0,"14.6851348484848","14.9851348484848","13522","","MSDIAL_ADGGA 14:0_14:1_20:0;[M+NH4]+;CCCCCCCCCCCCCCCCCCCC(=O)OCC(COC1OC(C(O)C(O)C1OC(=O)CCCCCCCCCCCCC)C(O)=O)OC(=O)CCCCCCC\C=C/CCCC;TUEYERZEUJHDOG-VKAVYKQENA-N;C57H104O12",0,0,0,0,0,0,0,"14.6851348484848","14.9851348484848","13522","","MSDIAL_ADGGA 14:0_14:1_20:0;[M+NH4]+;CCCCCCCCCCCCCCCCCCCC(=O)OCC(COC1OC(C(O)C(O)C1OC(=O)CCCCCCCCCCCCC)C(O)=O)OC(=O)CCCCCCC\C=C/CCCC;TUEYERZEUJHDOG-VKAVYKQENA-N;C57H104O12",0,0,0,0,0,0,0,"14.6851348484848","14.9851348484848","13522","","MSDIAL_ADGGA 14:0_14:1_20:0;[M+NH4]+;CCCCCCCCCCCCCCCCCCCC(=O)OCC(COC1OC(C(O)C(O)C1OC(=O)CCCCCCCCCCCCC)C(O)=O)OC(=O)CCCCCCC\C=C/CCCC;TUEYERZEUJHDOG-VKAVYKQENA-N;C57H104O12",0,0,0,0,0,0,0,"14.6851348484848","14.9851348484848","13522","","MSDIAL_ADGGA 14:0_14:1_20:0;[M+NH4]+;CCCCCCCCCCCCCCCCCCCC(=O)OCC(COC1OC(C(O)C(O)C1OC(=O)CCCCCCCCCCCCC)C(O)=O)OC(=O)CCCCCCC\C=C/CCCC;TUEYERZEUJHDOG-VKAVYKQENA-N;C57H104O12",0,0,0,0,0,0,0,"14.6851348484848","14.9851348484848","13522","","MSDIAL_ADGGA 14:0_14:1_20:0;[M+NH4]+;CCCCCCCCCCCCCCCCCCCC(=O)OCC(COC1OC(C(O)C(O)C1OC(=O)CCCCCCCCCCCCC)C(O)=O)OC(=O)CCCCCCC\C=C/CCCC;TUEYERZEUJHDOG-VKAVYKQENA-N;C57H104O12","998.78660","387.2377","211.2067","283.2268","369.3363","998.7866","577.5190","14.6851348484848","14.9851348484848","13522"
"","MSDIAL_ADGGA 12:0_14:1_22:0;[M+NH4]+;CCCCCCCCCCCCCCCCCCCCCC(=O)OCC(COC1OC(C(O)C(O)C1OC(=O)CCCCCCCCCCC)C(O)=O)OC(=O)CCCCCCC\C=C/CCCC;MFKSSMACBRQGBS-VKAVYKQENA-N;C57H104O12",0,0,0,0,0,0,0,"14.6851348484848","14.9851348484848","13522","","MSDIAL_ADGGA 12:0_14:1_22:0;[M+NH4]+;CCCCCCCCCCCCCCCCCCCCCC(=O)OCC(COC1OC(C(O)C(O)C1OC(=O)CCCCCCCCCCC)C(O)=O)OC(=O)CCCCCCC\C=C/CCCC;MFKSSMACBRQGBS-VKAVYKQENA-N;C57H104O12",0,0,0,0,0,0,0,"14.6851348484848","14.9851348484848","13522","","MSDIAL_ADGGA 12:0_14:1_22:0;[M+NH4]+;CCCCCCCCCCCCCCCCCCCCCC(=O)OCC(COC1OC(C(O)C(O)C1OC(=O)CCCCCCCCCCC)C(O)=O)OC(=O)CCCCCCC\C=C/CCCC;MFKSSMACBRQGBS-VKAVYKQENA-N;C57H104O12",0,0,0,0,0,0,0,"14.6851348484848","14.9851348484848","13522","","MSDIAL_ADGGA 12:0_14:1_22:0;[M+NH4]+;CCCCCCCCCCCCCCCCCCCCCC(=O)OCC(COC1OC(C(O)C(O)C1OC(=O)CCCCCCCCCCC)C(O)=O)OC(=O)CCCCCCC\C=C/CCCC;MFKSSMACBRQGBS-VKAVYKQENA-N;C57H104O12",0,0,0,0,0,0,0,"14.6851348484848","14.9851348484848","13522","","MSDIAL_ADGGA 12:0_14:1_22:0;[M+NH4]+;CCCCCCCCCCCCCCCCCCCCCC(=O)OCC(COC1OC(C(O)C(O)C1OC(=O)CCCCCCCCCCC)C(O)=O)OC(=O)CCCCCCC\C=C/CCCC;MFKSSMACBRQGBS-VKAVYKQENA-N;C57H104O12",0,0,0,0,0,0,0,"14.6851348484848","14.9851348484848","13522","","MSDIAL_ADGGA 12:0_14:1_22:0;[M+NH4]+;CCCCCCCCCCCCCCCCCCCCCC(=O)OCC(COC1OC(C(O)C(O)C1OC(=O)CCCCCCCCCCC)C(O)=O)OC(=O)CCCCCCC\C=C/CCCC;MFKSSMACBRQGBS-VKAVYKQENA-N;C57H104O12","998.78660","359.2064","183.1754","283.2268","397.3676","998.7866","605.5504","14.6851348484848","14.9851348484848","13522"
"","MSDIAL_ADGGA 12:0_16:0_16:0;[M+NH4]+;CCCCCCCCCCCCCCCC(=O)OCC(COC1OC(C(O)C(O)C1OC(=O)CCCCCCCCCCC)C(O)=O)OC(=O)CCCCCCCCCCCCCCC;NEYZPIYMTCKYHC-UHFFFAOYNA-N;C53H98O12",0,0,0,0,0,0,0,"11.23642","11.53642","18528","","MSDIAL_ADGGA 12:0_16:0_16:0;[M+NH4]+;CCCCCCCCCCCCCCCC(=O)OCC(COC1OC(C(O)C(O)C1OC(=O)CCCCCCCCCCC)C(O)=O)OC(=O)CCCCCCCCCCCCCCC;NEYZPIYMTCKYHC-UHFFFAOYNA-N;C53H98O12",0,0,0,0,0,0,0,"11.23642","11.53642","18528","","MSDIAL_ADGGA 12:0_16:0_16:0;[M+NH4]+;CCCCCCCCCCCCCCCC(=O)OCC(COC1OC(C(O)C(O)C1OC(=O)CCCCCCCCCCC)C(O)=O)OC(=O)CCCCCCCCCCCCCCC;NEYZPIYMTCKYHC-UHFFFAOYNA-N;C53H98O12",0,0,0,0,0,0,0,"11.23642","11.53642","18528","","MSDIAL_ADGGA 12:0_16:0_16:0;[M+NH4]+;CCCCCCCCCCCCCCCC(=O)OCC(COC1OC(C(O)C(O)C1OC(=O)CCCCCCCCCCC)C(O)=O)OC(=O)CCCCCCCCCCCCCCC;NEYZPIYMTCKYHC-UHFFFAOYNA-N;C53H98O12",0,0,0,0,0,0,0,"11.23642","11.53642","18528","","MSDIAL_ADGGA 12:0_16:0_16:0;[M+NH4]+;CCCCCCCCCCCCCCCC(=O)OCC(COC1OC(C(O)C(O)C1OC(=O)CCCCCCCCCCC)C(O)=O)OC(=O)CCCCCCCCCCCCCCC;NEYZPIYMTCKYHC-UHFFFAOYNA-N;C53H98O12",0,0,0,0,0,0,0,"11.23642","11.53642","18528","","MSDIAL_ADGGA 12:0_16:0_16:0;[M+NH4]+;CCCCCCCCCCCCCCCC(=O)OCC(COC1OC(C(O)C(O)C1OC(=O)CCCCCCCCCCC)C(O)=O)OC(=O)CCCCCCCCCCCCCCC;NEYZPIYMTCKYHC-UHFFFAOYNA-N;C53H98O12","944.73965","359.2064","313.2737","183.1754","944.7396","551.5034","  1.0000","11.23642","11.53642","18528"
"","MSDIAL_ADGGA 16:1_16:0_16:0;[M+NH4]+;CCCCCCCCCCCCCCCC(=O)OCC(COC1OC(C(O)C(O)C1OC(=O)CCCCCCC\C=C/CCCCCC)C(O)=O)OC(=O)CCCCCCCCCCCCCCC;MSMBIIZICBEWGR-FLFQWRMENA-N;C57H104O12",0,0,0,0,0,0,0,"14.6851348484848","14.9851348484848","13522","","MSDIAL_ADGGA 16:1_16:0_16:0;[M+NH4]+;CCCCCCCCCCCCCCCC(=O)OCC(COC1OC(C(O)C(O)C1OC(=O)CCCCCCC\C=C/CCCCCC)C(O)=O)OC(=O)CCCCCCCCCCCCCCC;MSMBIIZICBEWGR-FLFQWRMENA-N;C57H104O12",0,0,0,0,0,0,0,"14.6851348484848","14.9851348484848","13522","","MSDIAL_ADGGA 16:1_16:0_16:0;[M+NH4]+;CCCCCCCCCCCCCCCC(=O)OCC(COC1OC(C(O)C(O)C1OC(=O)CCCCCCC\C=C/CCCCCC)C(O)=O)OC(=O)CCCCCCCCCCCCCCC;MSMBIIZICBEWGR-FLFQWRMENA-N;C57H104O12",0,0,0,0,0,0,0,"14.6851348484848","14.9851348484848","13522","","MSDIAL_ADGGA 16:1_16:0_16:0;[M+NH4]+;CCCCCCCCCCCCCCCC(=O)OCC(COC1OC(C(O)C(O)C1OC(=O)CCCCCCC\C=C/CCCCCC)C(O)=O)OC(=O)CCCCCCCCCCCCCCC;MSMBIIZICBEWGR-FLFQWRMENA-N;C57H104O12",0,0,0,0,0,0,0,"14.6851348484848","14.9851348484848","13522","","MSDIAL_ADGGA 16:1_16:0_16:0;[M+NH4]+;CCCCCCCCCCCCCCCC(=O)OCC(COC1OC(C(O)C(O)C1OC(=O)CCCCCCC\C=C/CCCCCC)C(O)=O)OC(=O)CCCCCCCCCCCCCCC;MSMBIIZICBEWGR-FLFQWRMENA-N;C57H104O12",0,0,0,0,0,0,0,"14.6851348484848","14.9851348484848","13522","","MSDIAL_ADGGA 16:1_16:0_16:0;[M+NH4]+;CCCCCCCCCCCCCCCC(=O)OCC(COC1OC(C(O)C(O)C1OC(=O)CCCCCCC\C=C/CCCCCC)C(O)=O)OC(=O)CCCCCCCCCCCCCCC;MSMBIIZICBEWGR-FLFQWRMENA-N;C57H104O12","998.78660","413.2534","313.2737","237.2224","998.7866","551.5034","  1.0000","14.6851348484848","14.9851348484848","13522"
"","MSDIAL_ADGGA 12:0_16:0_16:1;[M+NH4]+;CCCCCCCCCCCCCCCC(=O)OC(COC1OC(C(O)C(O)C1OC(=O)CCCCCCCCCCC)C(O)=O)COC(=O)CCCCCCC\C=C/CCCCCC;FBAUALDTSRMNLK-VZCXRCSSNA-N;C53H96O12",0,0,0,0,0,0,0,"10.9828902777778","11.2828902777778","18589","","MSDIAL_ADGGA 12:0_16:0_16:1;[M+NH4]+;CCCCCCCCCCCCCCCC(=O)OC(COC1OC(C(O)C(O)C1OC(=O)CCCCCCCCCCC)C(O)=O)COC(=O)CCCCCCC\C=C/CCCCCC;FBAUALDTSRMNLK-VZCXRCSSNA-N;C53H96O12",0,0,0,0,0,0,0,"10.9828902777778","11.2828902777778","18589","","MSDIAL_ADGGA 12:0_16:0_16:1;[M+NH4]+;CCCCCCCCCCCCCCCC(=O)OC(COC1OC(C(O)C(O)C1OC(=O)CCCCCCCCCCC)C(O)=O)COC(=O)CCCCCCC\C=C/CCCCCC;FBAUALDTSRMNLK-VZCXRCSSNA-N;C53H96O12",0,0,0,0,0,0,0,"10.9828902777778","11.2828902777778","18589","","MSDIAL_ADGGA 12:0_16:0_16:1;[M+NH4]+;CCCCCCCCCCCCCCCC(=O)OC(COC1OC(C(O)C(O)C1OC(=O)CCCCCCCCCCC)C(O)=O)COC(=O)CCCCCCC\C=C/CCCCCC;FBAUALDTSRMNLK-VZCXRCSSNA-N;C53H96O12",0,0,0,0,0,0,0,"10.9828902777778","11.2828902777778","18589","","MSDIAL_ADGGA 12:0_16:0_16:1;[M+NH4]+;CCCCCCCCCCCCCCCC(=O)OC(COC1OC(C(O)C(O)C1OC(=O)CCCCCCCCCCC)C(O)=O)COC(=O)CCCCCCC\C=C/CCCCCC;FBAUALDTSRMNLK-VZCXRCSSNA-N;C53H96O12",0,0,0,0,0,0,0,"10.9828902777778","11.2828902777778","18589","","MSDIAL_ADGGA 12:0_16:0_16:1;[M+NH4]+;CCCCCCCCCCCCCCCC(=O)OC(COC1OC(C(O)C(O)C1OC(=O)CCCCCCCCCCC)C(O)=O)COC(=O)CCCCCCC\C=C/CCCCCC;FBAUALDTSRMNLK-VZCXRCSSNA-N;C53H96O12","942.72400","359.2064","183.1754","311.2581","313.2737","942.7240","549.4877","10.9828902777778","11.2828902777778","18589"
"","MSDIAL_ADGGA 16:0_16:0_16:1;[M+NH4]+;CCCCCCCCCCCCCCCC(=O)OC(COC1OC(C(O)C(O)C1OC(=O)CCCCCCCCCCCCCCC)C(O)=O)COC(=O)CCCCCCC\C=C/CCCCCC;MQFDSYXGYNYOGA-QOCHGBHMNA-N;C57H104O12",0,0,0,0,0,0,0,"14.6851348484848","14.9851348484848","13522","","MSDIAL_ADGGA 16:0_16:0_16:1;[M+NH4]+;CCCCCCCCCCCCCCCC(=O)OC(COC1OC(C(O)C(O)C1OC(=O)CCCCCCCCCCCCCCC)C(O)=O)COC(=O)CCCCCCC\C=C/CCCCCC;MQFDSYXGYNYOGA-QOCHGBHMNA-N;C57H104O12",0,0,0,0,0,0,0,"14.6851348484848","14.9851348484848","13522","","MSDIAL_ADGGA 16:0_16:0_16:1;[M+NH4]+;CCCCCCCCCCCCCCCC(=O)OC(COC1OC(C(O)C(O)C1OC(=O)CCCCCCCCCCCCCCC)C(O)=O)COC(=O)CCCCCCC\C=C/CCCCCC;MQFDSYXGYNYOGA-QOCHGBHMNA-N;C57H104O12",0,0,0,0,0,0,0,"14.6851348484848","14.9851348484848","13522","","MSDIAL_ADGGA 16:0_16:0_16:1;[M+NH4]+;CCCCCCCCCCCCCCCC(=O)OC(COC1OC(C(O)C(O)C1OC(=O)CCCCCCCCCCCCCCC)C(O)=O)COC(=O)CCCCCCC\C=C/CCCCCC;MQFDSYXGYNYOGA-QOCHGBHMNA-N;C57H104O12",0,0,0,0,0,0,0,"14.6851348484848","14.9851348484848","13522","","MSDIAL_ADGGA 16:0_16:0_16:1;[M+NH4]+;CCCCCCCCCCCCCCCC(=O)OC(COC1OC(C(O)C(O)C1OC(=O)CCCCCCCCCCCCCCC)C(O)=O)COC(=O)CCCCCCC\C=C/CCCCCC;MQFDSYXGYNYOGA-QOCHGBHMNA-N;C57H104O12",0,0,0,0,0,0,0,"14.6851348484848","14.9851348484848","13522","","MSDIAL_ADGGA 16:0_16:0_16:1;[M+NH4]+;CCCCCCCCCCCCCCCC(=O)OC(COC1OC(C(O)C(O)C1OC(=O)CCCCCCCCCCCCCCC)C(O)=O)COC(=O)CCCCCCC\C=C/CCCCCC;MQFDSYXGYNYOGA-QOCHGBHMNA-N;C57H104O12","998.78660","415.2690","239.2380","311.2581","313.2737","998.7866","549.4877","14.6851348484848","14.9851348484848","13522"
"","MSDIAL_ADGGA 14:1_16:0_18:0;[M+NH4]+;CCCCCCCCCCCCCCCCCC(=O)OCC(COC1OC(C(O)C(O)C1OC(=O)CCCCCCC\C=C/CCCC)C(O)=O)OC(=O)CCCCCCCCCCCCCCC;NVRLBSBJVVGDQX-SDXDJHTJNA-N;C57H104O12",0,0,0,0,0,0,0,"14.6851348484848","14.9851348484848","13522","","MSDIAL_ADGGA 14:1_16:0_18:0;[M+NH4]+;CCCCCCCCCCCCCCCCCC(=O)OCC(COC1OC(C(O)C(O)C1OC(=O)CCCCCCC\C=C/CCCC)C(O)=O)OC(=O)CCCCCCCCCCCCCCC;NVRLBSBJVVGDQX-SDXDJHTJNA-N;C57H104O12",0,0,0,0,0,0,0,"14.6851348484848","14.9851348484848","13522","","MSDIAL_ADGGA 14:1_16:0_18:0;[M+NH4]+;CCCCCCCCCCCCCCCCCC(=O)OCC(COC1OC(C(O)C(O)C1OC(=O)CCCCCCC\C=C/CCCC)C(O)=O)OC(=O)CCCCCCCCCCCCCCC;NVRLBSBJVVGDQX-SDXDJHTJNA-N;C57H104O12",0,0,0,0,0,0,0,"14.6851348484848","14.9851348484848","13522","","MSDIAL_ADGGA 14:1_16:0_18:0;[M+NH4]+;CCCCCCCCCCCCCCCCCC(=O)OCC(COC1OC(C(O)C(O)C1OC(=O)CCCCCCC\C=C/CCCC)C(O)=O)OC(=O)CCCCCCCCCCCCCCC;NVRLBSBJVVGDQX-SDXDJHTJNA-N;C57H104O12",0,0,0,0,0,0,0,"14.6851348484848","14.9851348484848","13522","","MSDIAL_ADGGA 14:1_16:0_18:0;[M+NH4]+;CCCCCCCCCCCCCCCCCC(=O)OCC(COC1OC(C(O)C(O)C1OC(=O)CCCCCCC\C=C/CCCC)C(O)=O)OC(=O)CCCCCCCCCCCCCCC;NVRLBSBJVVGDQX-SDXDJHTJNA-N;C57H104O12",0,0,0,0,0,0,0,"14.6851348484848","14.9851348484848","13522","","MSDIAL_ADGGA 14:1_16:0_18:0;[M+NH4]+;CCCCCCCCCCCCCCCCCC(=O)OCC(COC1OC(C(O)C(O)C1OC(=O)CCCCCCC\C=C/CCCC)C(O)=O)OC(=O)CCCCCCCCCCCCCCC;NVRLBSBJVVGDQX-SDXDJHTJNA-N;C57H104O12","998.78660","385.2221","209.1911","313.2737","341.3051","998.7866","579.5347","14.6851348484848","14.9851348484848","13522"
"","MSDIAL_ADGGA 14:0_16:0_18:1;[M+NH4]+;CCCCCCCCCCCCCCCC(=O)OC(COC1OC(C(O)C(O)C1OC(=O)CCCCCCCCCCCCC)C(O)=O)COC(=O)CCCCCCC\C=C/CCCCCCCC;ZOVLACZXFZGZMQ-IZHYLOQSNA-N;C57H104O12",0,0,0,0,0,0,0,"14.6851348484848","14.9851348484848","13522","","MSDIAL_ADGGA 14:0_16:0_18:1;[M+NH4]+;CCCCCCCCCCCCCCCC(=O)OC(COC1OC(C(O)C(O)C1OC(=O)CCCCCCCCCCCCC)C(O)=O)COC(=O)CCCCCCC\C=C/CCCCCCCC;ZOVLACZXFZGZMQ-IZHYLOQSNA-N;C57H104O12",0,0,0,0,0,0,0,"14.6851348484848","14.9851348484848","13522","","MSDIAL_ADGGA 14:0_16:0_18:1;[M+NH4]+;CCCCCCCCCCCCCCCC(=O)OC(COC1OC(C(O)C(O)C1OC(=O)CCCCCCCCCCCCC)C(O)=O)COC(=O)CCCCCCC\C=C/CCCCCCCC;ZOVLACZXFZGZMQ-IZHYLOQSNA-N;C57H104O12",0,0,0,0,0,0,0,"14.6851348484848","14.9851348484848","13522","","MSDIAL_ADGGA 14:0_16:0_18:1;[M+NH4]+;CCCCCCCCCCCCCCCC(=O)OC(COC1OC(C(O)C(O)C1OC(=O)CCCCCCCCCCCCC)C(O)=O)COC(=O)CCCCCCC\C=C/CCCCCCCC;ZOVLACZXFZGZMQ-IZHYLOQSNA-N;C57H104O12",0,0,0,0,0,0,0,"14.6851348484848","14.9851348484848","13522","","MSDIAL_ADGGA 14:0_16:0_18:1;[M+NH4]+;CCCCCCCCCCCCCCCC(=O)OC(COC1OC(C(O)C(O)C1OC(=O)CCCCCCCCCCCCC)C(O)=O)COC(=O)CCCCCCC\C=C/CCCCCCCC;ZOVLACZXFZGZMQ-IZHYLOQSNA-N;C57H104O12",0,0,0,0,0,0,0,"14.6851348484848","14.9851348484848","13522","","MSDIAL_ADGGA 14:0_16:0_18:1;[M+NH4]+;CCCCCCCCCCCCCCCC(=O)OC(COC1OC(C(O)C(O)C1OC(=O)CCCCCCCCCCCCC)C(O)=O)COC(=O)CCCCCCC\C=C/CCCCCCCC;ZOVLACZXFZGZMQ-IZHYLOQSNA-N;C57H104O12","998.78660","387.2377","211.2067","313.2737","339.2894","998.7866","577.5190","14.6851348484848","14.9851348484848","13522"
"","MSDIAL_ADGGA 12:0_16:0_20:1;[M+NH4]+;CCCCCCCCCCCCCCCC(=O)OC(COC1OC(C(O)C(O)C1OC(=O)CCCCCCCCCCC)C(O)=O)COC(=O)CCCCCCCCC\C=C/CCCCCCCC;WWLQJQUGAPOSJA-VHXPQNKSNA-N;C57H104O12",0,0,0,0,0,0,0,"14.6851348484848","14.9851348484848","13522","","MSDIAL_ADGGA 12:0_16:0_20:1;[M+NH4]+;CCCCCCCCCCCCCCCC(=O)OC(COC1OC(C(O)C(O)C1OC(=O)CCCCCCCCCCC)C(O)=O)COC(=O)CCCCCCCCC\C=C/CCCCCCCC;WWLQJQUGAPOSJA-VHXPQNKSNA-N;C57H104O12",0,0,0,0,0,0,0,"14.6851348484848","14.9851348484848","13522","","MSDIAL_ADGGA 12:0_16:0_20:1;[M+NH4]+;CCCCCCCCCCCCCCCC(=O)OC(COC1OC(C(O)C(O)C1OC(=O)CCCCCCCCCCC)C(O)=O)COC(=O)CCCCCCCCC\C=C/CCCCCCCC;WWLQJQUGAPOSJA-VHXPQNKSNA-N;C57H104O12",0,0,0,0,0,0,0,"14.6851348484848","14.9851348484848","13522","","MSDIAL_ADGGA 12:0_16:0_20:1;[M+NH4]+;CCCCCCCCCCCCCCCC(=O)OC(COC1OC(C(O)C(O)C1OC(=O)CCCCCCCCCCC)C(O)=O)COC(=O)CCCCCCCCC\C=C/CCCCCCCC;WWLQJQUGAPOSJA-VHXPQNKSNA-N;C57H104O12",0,0,0,0,0,0,0,"14.6851348484848","14.9851348484848","13522","","MSDIAL_ADGGA 12:0_16:0_20:1;[M+NH4]+;CCCCCCCCCCCCCCCC(=O)OC(COC1OC(C(O)C(O)C1OC(=O)CCCCCCCCCCC)C(O)=O)COC(=O)CCCCCCCCC\C=C/CCCCCCCC;WWLQJQUGAPOSJA-VHXPQNKSNA-N;C57H104O12",0,0,0,0,0,0,0,"14.6851348484848","14.9851348484848","13522","","MSDIAL_ADGGA 12:0_16:0_20:1;[M+NH4]+;CCCCCCCCCCCCCCCC(=O)OC(COC1OC(C(O)C(O)C1OC(=O)CCCCCCCCCCC)C(O)=O)COC(=O)CCCCCCCCC\C=C/CCCCCCCC;WWLQJQUGAPOSJA-VHXPQNKSNA-N;C57H104O12","998.78660","359.2064","183.1754","313.2737","367.3207","998.7866","605.5504","14.6851348484848","14.9851348484848","13522"
"","MSDIAL_ADGGA 14:0_16:1_18:0;[M+NH4]+;CCCCCCCCCCCCCCCCCC(=O)OCC(COC1OC(C(O)C(O)C1OC(=O)CCCCCCCCCCCCC)C(O)=O)OC(=O)CCCCCCC\C=C/CCCCCC;FJFCCNFOFLVXLS-ATJXCDBQNA-N;C57H104O12",0,0,0,0,0,0,0,"14.6851348484848","14.9851348484848","13522","","MSDIAL_ADGGA 14:0_16:1_18:0;[M+NH4]+;CCCCCCCCCCCCCCCCCC(=O)OCC(COC1OC(C(O)C(O)C1OC(=O)CCCCCCCCCCCCC)C(O)=O)OC(=O)CCCCCCC\C=C/CCCCCC;FJFCCNFOFLVXLS-ATJXCDBQNA-N;C57H104O12",0,0,0,0,0,0,0,"14.6851348484848","14.9851348484848","13522","","MSDIAL_ADGGA 14:0_16:1_18:0;[M+NH4]+;CCCCCCCCCCCCCCCCCC(=O)OCC(COC1OC(C(O)C(O)C1OC(=O)CCCCCCCCCCCCC)C(O)=O)OC(=O)CCCCCCC\C=C/CCCCCC;FJFCCNFOFLVXLS-ATJXCDBQNA-N;C57H104O12",0,0,0,0,0,0,0,"14.6851348484848","14.9851348484848","13522","","MSDIAL_ADGGA 14:0_16:1_18:0;[M+NH4]+;CCCCCCCCCCCCCCCCCC(=O)OCC(COC1OC(C(O)C(O)C1OC(=O)CCCCCCCCCCCCC)C(O)=O)OC(=O)CCCCCCC\C=C/CCCCCC;FJFCCNFOFLVXLS-ATJXCDBQNA-N;C57H104O12",0,0,0,0,0,0,0,"14.6851348484848","14.9851348484848","13522","","MSDIAL_ADGGA 14:0_16:1_18:0;[M+NH4]+;CCCCCCCCCCCCCCCCCC(=O)OCC(COC1OC(C(O)C(O)C1OC(=O)CCCCCCCCCCCCC)C(O)=O)OC(=O)CCCCCCC\C=C/CCCCCC;FJFCCNFOFLVXLS-ATJXCDBQNA-N;C57H104O12",0,0,0,0,0,0,0,"14.6851348484848","14.9851348484848","13522","","MSDIAL_ADGGA 14:0_16:1_18:0;[M+NH4]+;CCCCCCCCCCCCCCCCCC(=O)OCC(COC1OC(C(O)C(O)C1OC(=O)CCCCCCCCCCCCC)C(O)=O)OC(=O)CCCCCCC\C=C/CCCCCC;FJFCCNFOFLVXLS-ATJXCDBQNA-N;C57H104O12","998.78660","387.2377","211.2067","311.2581","341.3051","998.7866","577.5190","14.6851348484848","14.9851348484848","13522"
"","MSDIAL_ADGGA 12:0_16:1_20:0;[M+NH4]+;CCCCCCCCCCCCCCCCCCCC(=O)OCC(COC1OC(C(O)C(O)C1OC(=O)CCCCCCCCCCC)C(O)=O)OC(=O)CCCCCCC\C=C/CCCCCC;OTWSZPNYKSWWFF-XDOYNYLZNA-N;C57H104O12",0,0,0,0,0,0,0,"14.6851348484848","14.9851348484848","13522","","MSDIAL_ADGGA 12:0_16:1_20:0;[M+NH4]+;CCCCCCCCCCCCCCCCCCCC(=O)OCC(COC1OC(C(O)C(O)C1OC(=O)CCCCCCCCCCC)C(O)=O)OC(=O)CCCCCCC\C=C/CCCCCC;OTWSZPNYKSWWFF-XDOYNYLZNA-N;C57H104O12",0,0,0,0,0,0,0,"14.6851348484848","14.9851348484848","13522","","MSDIAL_ADGGA 12:0_16:1_20:0;[M+NH4]+;CCCCCCCCCCCCCCCCCCCC(=O)OCC(COC1OC(C(O)C(O)C1OC(=O)CCCCCCCCCCC)C(O)=O)OC(=O)CCCCCCC\C=C/CCCCCC;OTWSZPNYKSWWFF-XDOYNYLZNA-N;C57H104O12",0,0,0,0,0,0,0,"14.6851348484848","14.9851348484848","13522","","MSDIAL_ADGGA 12:0_16:1_20:0;[M+NH4]+;CCCCCCCCCCCCCCCCCCCC(=O)OCC(COC1OC(C(O)C(O)C1OC(=O)CCCCCCCCCCC)C(O)=O)OC(=O)CCCCCCC\C=C/CCCCCC;OTWSZPNYKSWWFF-XDOYNYLZNA-N;C57H104O12",0,0,0,0,0,0,0,"14.6851348484848","14.9851348484848","13522","","MSDIAL_ADGGA 12:0_16:1_20:0;[M+NH4]+;CCCCCCCCCCCCCCCCCCCC(=O)OCC(COC1OC(C(O)C(O)C1OC(=O)CCCCCCCCCCC)C(O)=O)OC(=O)CCCCCCC\C=C/CCCCCC;OTWSZPNYKSWWFF-XDOYNYLZNA-N;C57H104O12",0,0,0,0,0,0,0,"14.6851348484848","14.9851348484848","13522","","MSDIAL_ADGGA 12:0_16:1_20:0;[M+NH4]+;CCCCCCCCCCCCCCCCCCCC(=O)OCC(COC1OC(C(O)C(O)C1OC(=O)CCCCCCCCCCC)C(O)=O)OC(=O)CCCCCCC\C=C/CCCCCC;OTWSZPNYKSWWFF-XDOYNYLZNA-N;C57H104O12","998.78660","359.2064","183.1754","311.2581","369.3363","998.7866","605.5504","14.6851348484848","14.9851348484848","13522"
"","MSDIAL_ADGGA 16:4_16:3_16:4;[M+NH4]+;CC\C=C/C\C=C/C\C=C/CCCCCC(=O)OC(COC1OC(C(O)C(O)C1OC(=O)CC\C=C/C\C=C/C\C=C/C\C=C/CC)C(O)=O)COC(=O)CC\C=C/C\C=C/C\C=C/C\C=C/CC;OIJIZRJIDFUCGZ-GUPAEKITNA-N;C57H84O12",0,0,0,0,0,0,0,"10.4493416666667","10.7493416666667","10755","","MSDIAL_ADGGA 16:4_16:3_16:4;[M+NH4]+;CC\C=C/C\C=C/C\C=C/CCCCCC(=O)OC(COC1OC(C(O)C(O)C1OC(=O)CC\C=C/C\C=C/C\C=C/C\C=C/CC)C(O)=O)COC(=O)CC\C=C/C\C=C/C\C=C/C\C=C/CC;OIJIZRJIDFUCGZ-GUPAEKITNA-N;C57H84O12",0,0,0,0,0,0,0,"10.4493416666667","10.7493416666667","10755","","MSDIAL_ADGGA 16:4_16:3_16:4;[M+NH4]+;CC\C=C/C\C=C/C\C=C/CCCCCC(=O)OC(COC1OC(C(O)C(O)C1OC(=O)CC\C=C/C\C=C/C\C=C/C\C=C/CC)C(O)=O)COC(=O)CC\C=C/C\C=C/C\C=C/C\C=C/CC;OIJIZRJIDFUCGZ-GUPAEKITNA-N;C57H84O12",0,0,0,0,0,0,0,"10.4493416666667","10.7493416666667","10755","","MSDIAL_ADGGA 16:4_16:3_16:4;[M+NH4]+;CC\C=C/C\C=C/C\C=C/CCCCCC(=O)OC(COC1OC(C(O)C(O)C1OC(=O)CC\C=C/C\C=C/C\C=C/C\C=C/CC)C(O)=O)COC(=O)CC\C=C/C\C=C/C\C=C/C\C=C/CC;OIJIZRJIDFUCGZ-GUPAEKITNA-N;C57H84O12",0,0,0,0,0,0,0,"10.4493416666667","10.7493416666667","10755","","MSDIAL_ADGGA 16:4_16:3_16:4;[M+NH4]+;CC\C=C/C\C=C/C\C=C/CCCCCC(=O)OC(COC1OC(C(O)C(O)C1OC(=O)CC\C=C/C\C=C/C\C=C/C\C=C/CC)C(O)=O)COC(=O)CC\C=C/C\C=C/C\C=C/C\C=C/CC;OIJIZRJIDFUCGZ-GUPAEKITNA-N;C57H84O12",0,0,0,0,0,0,0,"10.4493416666667","10.7493416666667","10755","","MSDIAL_ADGGA 16:4_16:3_16:4;[M+NH4]+;CC\C=C/C\C=C/C\C=C/CCCCCC(=O)OC(COC1OC(C(O)C(O)C1OC(=O)CC\C=C/C\C=C/C\C=C/C\C=C/CC)C(O)=O)COC(=O)CC\C=C/C\C=C/C\C=C/C\C=C/CC;OIJIZRJIDFUCGZ-GUPAEKITNA-N;C57H84O12","978.63010","407.2064","231.1754","305.2112","307.2268","978.6301","537.3939","10.4493416666667","10.7493416666667","10755"
"","MSDIAL_ADGGA 16:3_16:4_16:4;[M+NH4]+;CC\C=C/C\C=C/C\C=C/CCCCCC(=O)OC1C(OCC(COC(=O)CC\C=C/C\C=C/C\C=C/C\C=C/CC)OC(=O)CC\C=C/C\C=C/C\C=C/C\C=C/CC)OC(C(O)C1O)C(O)=O;WYGLZYTXOKOPEW-PHSIARSBNA-N;C57H84O12",0,0,0,0,0,0,0,"10.4493416666667","10.7493416666667","10755","","MSDIAL_ADGGA 16:3_16:4_16:4;[M+NH4]+;CC\C=C/C\C=C/C\C=C/CCCCCC(=O)OC1C(OCC(COC(=O)CC\C=C/C\C=C/C\C=C/C\C=C/CC)OC(=O)CC\C=C/C\C=C/C\C=C/C\C=C/CC)OC(C(O)C1O)C(O)=O;WYGLZYTXOKOPEW-PHSIARSBNA-N;C57H84O12",0,0,0,0,0,0,0,"10.4493416666667","10.7493416666667","10755","","MSDIAL_ADGGA 16:3_16:4_16:4;[M+NH4]+;CC\C=C/C\C=C/C\C=C/CCCCCC(=O)OC1C(OCC(COC(=O)CC\C=C/C\C=C/C\C=C/C\C=C/CC)OC(=O)CC\C=C/C\C=C/C\C=C/C\C=C/CC)OC(C(O)C1O)C(O)=O;WYGLZYTXOKOPEW-PHSIARSBNA-N;C57H84O12",0,0,0,0,0,0,0,"10.4493416666667","10.7493416666667","10755","","MSDIAL_ADGGA 16:3_16:4_16:4;[M+NH4]+;CC\C=C/C\C=C/C\C=C/CCCCCC(=O)OC1C(OCC(COC(=O)CC\C=C/C\C=C/C\C=C/C\C=C/CC)OC(=O)CC\C=C/C\C=C/C\C=C/C\C=C/CC)OC(C(O)C1O)C(O)=O;WYGLZYTXOKOPEW-PHSIARSBNA-N;C57H84O12",0,0,0,0,0,0,0,"10.4493416666667","10.7493416666667","10755","","MSDIAL_ADGGA 16:3_16:4_16:4;[M+NH4]+;CC\C=C/C\C=C/C\C=C/CCCCCC(=O)OC1C(OCC(COC(=O)CC\C=C/C\C=C/C\C=C/C\C=C/CC)OC(=O)CC\C=C/C\C=C/C\C=C/C\C=C/CC)OC(C(O)C1O)C(O)=O;WYGLZYTXOKOPEW-PHSIARSBNA-N;C57H84O12",0,0,0,0,0,0,0,"10.4493416666667","10.7493416666667","10755","","MSDIAL_ADGGA 16:3_16:4_16:4;[M+NH4]+;CC\C=C/C\C=C/C\C=C/CCCCCC(=O)OC1C(OCC(COC(=O)CC\C=C/C\C=C/C\C=C/C\C=C/CC)OC(=O)CC\C=C/C\C=C/C\C=C/C\C=C/CC)OC(C(O)C1O)C(O)=O;WYGLZYTXOKOPEW-PHSIARSBNA-N;C57H84O12","978.63010","409.2221","305.2112","233.1911","978.6301","535.3782","  1.0000","10.4493416666667","10.7493416666667","10755"
"","MSDIAL_ADGGA 12:0_18:0_18:1;[M+NH4]+;CCCCCCCCCCCCCCCCCC(=O)OC(COC1OC(C(O)C(O)C1OC(=O)CCCCCCCCCCC)C(O)=O)COC(=O)CCCCCCC\C=C/CCCCCCCC;RULTWWHZRYVXHD-BZZOAKBMNA-N;C57H104O12",0,0,0,0,0,0,0,"14.6851348484848","14.9851348484848","13522","","MSDIAL_ADGGA 12:0_18:0_18:1;[M+NH4]+;CCCCCCCCCCCCCCCCCC(=O)OC(COC1OC(C(O)C(O)C1OC(=O)CCCCCCCCCCC)C(O)=O)COC(=O)CCCCCCC\C=C/CCCCCCCC;RULTWWHZRYVXHD-BZZOAKBMNA-N;C57H104O12",0,0,0,0,0,0,0,"14.6851348484848","14.9851348484848","13522","","MSDIAL_ADGGA 12:0_18:0_18:1;[M+NH4]+;CCCCCCCCCCCCCCCCCC(=O)OC(COC1OC(C(O)C(O)C1OC(=O)CCCCCCCCCCC)C(O)=O)COC(=O)CCCCCCC\C=C/CCCCCCCC;RULTWWHZRYVXHD-BZZOAKBMNA-N;C57H104O12",0,0,0,0,0,0,0,"14.6851348484848","14.9851348484848","13522","","MSDIAL_ADGGA 12:0_18:0_18:1;[M+NH4]+;CCCCCCCCCCCCCCCCCC(=O)OC(COC1OC(C(O)C(O)C1OC(=O)CCCCCCCCCCC)C(O)=O)COC(=O)CCCCCCC\C=C/CCCCCCCC;RULTWWHZRYVXHD-BZZOAKBMNA-N;C57H104O12",0,0,0,0,0,0,0,"14.6851348484848","14.9851348484848","13522","","MSDIAL_ADGGA 12:0_18:0_18:1;[M+NH4]+;CCCCCCCCCCCCCCCCCC(=O)OC(COC1OC(C(O)C(O)C1OC(=O)CCCCCCCCCCC)C(O)=O)COC(=O)CCCCCCC\C=C/CCCCCCCC;RULTWWHZRYVXHD-BZZOAKBMNA-N;C57H104O12",0,0,0,0,0,0,0,"14.6851348484848","14.9851348484848","13522","","MSDIAL_ADGGA 12:0_18:0_18:1;[M+NH4]+;CCCCCCCCCCCCCCCCCC(=O)OC(COC1OC(C(O)C(O)C1OC(=O)CCCCCCCCCCC)C(O)=O)COC(=O)CCCCCCC\C=C/CCCCCCCC;RULTWWHZRYVXHD-BZZOAKBMNA-N;C57H104O12","998.78660","359.2064","183.1754","339.2894","341.3051","998.7866","605.5504","14.6851348484848","14.9851348484848","13522"
